-- phpMyAdmin SQL Dump
-- version 4.0.8
-- http://www.phpmyadmin.net
--
-- Host: localhost
-- Generation Time: Sep 30, 2014 at 03:04 PM
-- Server version: 5.6.14
-- PHP Version: 5.4.30

SET SQL_MODE = "NO_AUTO_VALUE_ON_ZERO";
SET time_zone = "+00:00";


/*!40101 SET @OLD_CHARACTER_SET_CLIENT=@@CHARACTER_SET_CLIENT */;
/*!40101 SET @OLD_CHARACTER_SET_RESULTS=@@CHARACTER_SET_RESULTS */;
/*!40101 SET @OLD_COLLATION_CONNECTION=@@COLLATION_CONNECTION */;
/*!40101 SET NAMES utf8 */;

--
-- Database: `embryo-admin_files`
--

-- --------------------------------------------------------

--
-- Table structure for table `files`
--

CREATE TABLE IF NOT EXISTS `files` (
  `id` int(11) NOT NULL AUTO_INCREMENT,
  `label` varchar(255) COLLATE utf8_unicode_ci NOT NULL,
  `extention` varchar(5) CHARACTER SET latin1 COLLATE latin1_general_ci NOT NULL,
  `filesize` int(11) NOT NULL,
  `category_id` int(11) NOT NULL,
  `file_state` tinyint(4) NOT NULL,
  `created_at` int(11) NOT NULL,
  PRIMARY KEY (`id`),
  KEY `file_state` (`file_state`),
  KEY `category_id` (`category_id`)
) ENGINE=InnoDB  DEFAULT CHARSET=utf8 COLLATE=utf8_unicode_ci AUTO_INCREMENT=440 ;

--
-- Dumping data for table `files`
--

INSERT INTO `files` (`id`, `label`, `extention`, `filesize`, `category_id`, `file_state`, `created_at`) VALUES
(100, '1_ ΝΟΜΟΘΕΣΙΑ', '.doc', 510464, 9, 1, 1403602206),
(102, '2.0_ ΠΡΟΣΩΠΑ ΑΝΑΦΟΡΑΣ', '.doc', 129536, 9, 1, 1403602255),
(103, '2.2_ ΔΙΕΥΘΥΝΤΕΣ ΙΑΤΡΙΚΩΝ ΚΕΝΤΡΩΝ', '.doc', 84480, 9, 1, 1403602268),
(104, '3. ΦΟΡΜΑ ΝΟΜΟΛΟΓΙΑΣ', '.doc', 35840, 9, 1, 1403602279),
(105, '1_ ΝΟΜΟΘΕΣΙΑ', '.doc', 510464, 10, 1, 1403602552),
(106, '2.0_ΠΡΟΣΩΠΑ ΑΝΑΦΟΡΑΣ', '.doc', 133632, 10, 5, 1403602566),
(108, '2.2_ ΔΙΕΥΘΥΝΤΕΣ ΙΑΤΡΙΚΩΝ ΚΕΝΤΡΩΝ', '.doc', 130560, 10, 3, 1403602619),
(109, '3. ΦΟΡΜΑ ΝΟΜΟΛΟΓΙΑΣ', '.doc', 35840, 10, 1, 1403602632),
(110, '4.0_ english', '.doc', 134656, 10, 1, 1403602648),
(111, '4.1_english', '.doc', 128512, 10, 1, 1403602662),
(112, '1_ ΝΟΜΟΘΕΣΙΑ', '.doc', 941568, 11, 5, 1403602797),
(114, '2_ ΝΟΜΟΛΟΓΙΑ', '.doc', 551424, 11, 1, 1403602815),
(115, '1_ ΝΟΜΟΘΕΣΙΑ', '.doc', 1039360, 12, 5, 1403602993),
(116, '1_ ΝΟΜΟΘΕΣΙΑ', '.doc', 636928, 13, 5, 1403603036),
(117, '1_ ΝΟΜΟΘΕΣΙΑ', '.docx', 108735, 14, 5, 1403603086),
(118, '2_ ΝΟΜΟΛΟΓΙΑ', '.docx', 33131, 14, 1, 1403603096),
(119, '1_ ΝΟΜΟΘΕΣΙΑ_AΡΧΙΚΗ ΣΥΜΠΛΗΡΩΣΗ', '.doc', 690176, 15, 5, 1403603136),
(120, '1_ ΝΟΜΟΘΕΣΙΑ', '.doc', 587264, 16, 5, 1403603167),
(121, '1_ ΝΟΜΟΘΕΣΙΑ', '.doc', 728576, 17, 5, 1403603213),
(122, '1_ ΠΕΡΙΛΗΨΗ', '.docx', 67997, 18, 5, 1403603453),
(123, 'COSTA AND PAVAN v. ITALY', '.pdf', 313013, 18, 3, 1403603473),
(124, 'DICKSON v. UK', '.pdf', 371603, 18, 3, 1403603571),
(125, 'EVANS v. UK', '.pdf', 307048, 18, 3, 1403603586),
(126, 'KNECHT v. ROMANIA', '.pdf', 271351, 18, 3, 1403603602),
(127, 'S.H AND OTHERS v. AUSTRIA', '.pdf', 391978, 18, 3, 1403603620),
(128, 'X.Y AND Z. v. UK', '.pdf', 239261, 18, 3, 1403603637),
(129, 'P. B. H. v. UK', '.docx', 26814, 18, 3, 1403603695),
(130, '1_ C-363_2012', '.docx', 22650, 19, 1, 1403603732),
(131, '3.1_ ΚΟΙΟΣ', '.docx', 41838, 11, 1, 1403603955),
(132, '3.2_ ΒΟΥΛΤΣΟΣ', '.doc', 151040, 11, 1, 1403604151),
(133, '3.3_ ΓΕΝΕΣΙΣ ΑΘΗΝΩΝ', '.doc', 145408, 11, 1, 1403604165),
(134, '3.4_ ΡΕΘΥΜΙΩΤΑΚΗ', '.doc', 195072, 11, 1, 1403604181),
(135, '3.5_ ΖΕΡΒΑΚΑΚΟΥ', '.doc', 136704, 11, 1, 1403604193),
(136, '3.6_ ΚΑΛΛΙΑΚΜΑΝΗΣ', '.doc', 154624, 11, 1, 1403604208),
(138, '3.7_ ΚΟΤΖΑΜΠΑΣΗ', '.doc', 155136, 11, 1, 1403604294),
(139, '3.8_ ΚΟΥΝΟΥΓΕΡΗ', '.doc', 157696, 11, 1, 1403604310),
(140, '3.9_ Λ.ΠΑΠΑΔΟΠΟΥΛΟΥ', '.doc', 149504, 11, 1, 1403604322),
(151, '4.1_ ΚΟΓΚΙΔΟΥ', '.doc', 148480, 11, 1, 1403604862),
(152, '4.2_ ΚΟΥΜΟΥΤΖΗΣ', '.doc', 150016, 11, 1, 1403604875),
(153, '4.3_ ΚΑΖΑΝΤΖΗ- ΚΥΒΕΛΗ', '.doc', 141312, 11, 1, 1403604888),
(154, '4.4_ ΖΕΡΒΑ- ΚΥΒΕΛΗ', '.docx', 39324, 11, 1, 1403604899),
(155, '4.5_ ΑΛΕΞΟΠΟΥΛΟΥ- ΚΥΒΕΛΗ', '.docx', 39479, 11, 1, 1403604912),
(156, '4.6_ ΤΖΙΑΝΝΙΟΥ- ΚΥΒΕΛΗ', '.doc', 141824, 11, 1, 1403604928),
(157, '4.7_ ΧΡΙΣΤΟΔΟΥΛΑΚΗ- ΚΥΒΕΛΗ', '.doc', 132608, 11, 1, 1403604939),
(158, '4.8_ ΚΟΥΜΠΑΡΟΥ- MAGNA MATER', '.doc', 127488, 11, 1, 1403604952),
(161, 'iffs_surveillance_09-19-13', '.pdf', 2249872, 23, 1, 1403607944),
(162, 'EU Laws Surrogacy', '.pdf', 3992023, 23, 1, 1403608071),
(163, 'CDBI-INF(98)8PMA', '.pdf', 522271, 23, 1, 1403608101),
(164, 'CDBI-CO-GT3(2003)13E', '.pdf', 604665, 23, 1, 1403608141),
(165, 'LABASSEE c. FRANCE', '.pdf', 393315, 18, 3, 1403823949),
(166, '3.9.1_ ΛΟΥΦΟΠΟΥΛΟΣ', '.docx', 36042, 11, 1, 1403907911),
(167, '3.9.2_ ΣΚΟΡΙΝΗ', '.doc', 186368, 11, 1, 1403907946),
(168, '3.9.3_ ΠΑΠΑΖΗΣΗ', '.doc', 160768, 11, 1, 1403908009),
(183, 'ΔΙΑΛΟΓΟΣ', '.docx', 12511, 21, 3, 1403972962),
(184, 'Χώρος Μελών', '.docx', 11079, 25, 6, 1403976076),
(185, '3.9.4_ ΣΑΡΔΕΛΗ', '.doc', 146432, 11, 1, 1404022342),
(186, '3.9.5_ ΒΙΔΑΛΗΣ', '.doc', 179200, 11, 1, 1404022382),
(187, '3.9.6_ ΦΟΥΝΤΕΔΑΚΗ', '.doc', 284160, 11, 1, 1404022426),
(188, '3.9.7_ ΚΑΖΛΑΡΗΣ', '.doc', 190464, 11, 1, 1404022464),
(189, '3.9.8- 2.2_ ΠΡΑΠΑΣ', '.doc', 153088, 11, 1, 1404022501),
(193, '3.9.9_ ΚΑΝΤΣΑ', '.doc', 164352, 11, 1, 1404380502),
(194, '3.1_ Parizer', '.doc', 152576, 12, 5, 1404380566),
(195, '3.2_ Patrat', '.doc', 156160, 12, 5, 1404380576),
(196, '3.3_ Guerin', '.doc', 144896, 12, 5, 1404380583),
(197, '3.4_ Jouannet', '.doc', 144384, 12, 5, 1404380591),
(198, '3.5_ Millan', '.doc', 165376, 12, 5, 1404380598),
(199, '3.6_ Bateman', '.doc', 214016, 12, 5, 1404380605),
(200, '3.1_ Chee Ching Chan', '.doc', 136704, 13, 5, 1404380630),
(201, '3.2_ fionamccallum', '.doc', 140288, 13, 5, 1404380636),
(202, '3.1_ green', '.docx', 42981, 14, 1, 1404380657),
(203, '3.2_ madden', '.docx', 43198, 14, 1, 1404380664),
(204, '3.3_ Mulligan', '.docx', 49427, 14, 1, 1404380682),
(205, '3.4_ whyte', '.docx', 43211, 14, 1, 1404380691),
(206, '2. ΝΟΜΟΛΟΓΙΑ - CORTE COSTITUZIONALE 151_2009', '.doc', 57856, 15, 5, 1404380717),
(207, '2. ΝΟΜΟΛΟΓΙΑ _CORTE COSTITUZIONALE 162_2014', '.docx', 26383, 15, 5, 1404380731),
(208, '3.1_ CASONATO + GRUPPO BIODIRITTO', '.docx', 42827, 15, 1, 1404380739),
(209, '2_ ΝΟΜΟΛΟΓΙΑ', '.docx', 0, 16, 1, 1404380760),
(210, '3.1_  Petra Thorn', '.doc', 154624, 16, 3, 1404380769),
(211, '2.1_ ΦΟΡΜΑ ΝΟΜΟΛΟΓΙΑΣ', '.doc', 43520, 17, 5, 1404380810),
(212, '2.2_ GbgKRdom_5568_13', '.pdf', 858084, 17, 1, 1404380822),
(213, '2.3_ JkpgKRdom_1406_13', '.pdf', 338989, 17, 1, 1404380828),
(214, '2.4_ NJA 1983 s', '.doc', 61440, 17, 1, 1404380836),
(215, '2.5_ T 7473-10 avid', '.pdf', 257138, 17, 5, 1404380850),
(216, '3.1_ ERIKSSON', '.doc', 153600, 17, 1, 1404380865),
(217, '3.2_ TANNSJO', '.doc', 144384, 17, 1, 1404380871),
(218, '3.3_ WESTERHOLM', '.doc', 164864, 17, 1, 1404380877),
(219, '3.4_ GOTTLIEB', '.docx', 30154, 17, 1, 1404380882),
(220, '3.5_ NYGREN', '.docx', 32075, 17, 1, 1404380888),
(221, '3.6_ OLOFSSON', '.docx', 36070, 17, 1, 1404380898),
(222, '3.7_ STOLL', '.pdf', 3040167, 17, 1, 1404380904),
(223, '4.1_ SMER', '.doc', 142336, 17, 1, 1404380919),
(224, '1_ ΠΕΡΙΛΗΨΗ', '.doc', 267776, 18, 5, 1404381062),
(225, '3.7_ Taboulet', '.doc', 146432, 12, 5, 1404808090),
(226, '3.5_FILIPPO MARIA UBALDI', '.doc', 181760, 15, 3, 1404808235),
(227, '3.2_ M. P. COSTANTINI', '.doc', 205824, 15, 1, 1404808290),
(228, '3.3_ FELICE PETRAGLIA', '.doc', 210944, 15, 1, 1404808297),
(229, '3.4_ FILOMENA GALLO', '.doc', 199680, 15, 1, 1404808304),
(230, '3.2_ Terpitz', '.doc', 154112, 16, 3, 1404808346),
(231, '3.3_ Klaus Diedrich', '.doc', 152064, 16, 3, 1404808353),
(232, '3.4_ Henning Rosenau', '.doc', 152576, 16, 3, 1404808360),
(233, '3.5_ Heilinger', '.doc', 152064, 16, 3, 1404808366),
(234, 'Bateman, Anonymat du don de sperme', '.pdf', 156063, 23, 5, 1404929921),
(235, 'Bateman, Changing conceptions of Reproductive choice', '.pdf', 75433, 23, 5, 1404929962),
(236, 'Bateman, GIVING, RECEIVING AND REPAYING', '.pdf', 141982, 23, 5, 1404929974),
(237, '3.1_ Atina Krajewska', '.doc', 178688, 13, 3, 1405513629),
(238, '3.2_ Chee Ching Chan', '.doc', 166400, 13, 3, 1405513643),
(239, '3.3_ Fiona MacCallum', '.doc', 169472, 13, 3, 1405513657),
(240, '3.4_ Juliet Tizzard', '.doc', 170496, 13, 3, 1405513671),
(241, '3.5_ Lydia Harper', '.doc', 162304, 13, 3, 1405513680),
(242, '3.6_ Melanie Davies', '.doc', 170496, 13, 3, 1405513690),
(243, '3.7_ Petra Nordqvist', '.doc', 168960, 13, 3, 1405513702),
(244, '3.8_ Richard Ashcroft', '.doc', 181248, 13, 3, 1405513715),
(245, '3.9_ Ruth Deech', '.doc', 165888, 13, 3, 1405513726),
(246, '3.10_ Sally Sheldon', '.doc', 175616, 13, 3, 1405513741),
(247, '1_ΝΟΜΟΘΕΣΙΑ', '.doc', 824320, 17, 5, 1405624769),
(248, '1. ΝΟΜΟΘΕΣΙΑ (1)', '.doc', 824320, 17, 5, 1405624776),
(249, '4.2_MATTSSON', '.doc', 136704, 17, 3, 1405624864),
(250, '1_ΝΟΜΟΘΕΣΙΑ', '.doc', 825344, 17, 5, 1405763237),
(251, '1. ΝΟΜΟΘΕΣΙΑ', '.doc', 825344, 17, 5, 1405763256),
(252, '1. ΝΟΜΟΘΕΣΙΑ (1)', '.doc', 825344, 17, 5, 1405763261),
(253, '1. ΝΟΜΟΘΕΣΙΑ (1) (2)', '.doc', 825344, 17, 5, 1405763261),
(254, '1_ΝΟΜΟΘΕΣΙΑ', '.docx', 160070, 11, 5, 1405763292),
(255, 'ΕΛΛΗΝΙΚΗ ΝΟΜΟΘΕΣΙΑ (1)', '.docx', 160070, 11, 5, 1405763295),
(256, 'ΕΛΛΗΝΙΚΗ ΝΟΜΟΘΕΣΙΑ (1) (2)', '.docx', 160070, 11, 5, 1405763295),
(257, '3.5_ mocanu', '.docx', 42775, 14, 1, 1405895202),
(258, '1_ ΝΟΜΟΘΕΣΙΑ', '.docx', 257290, 11, 1, 1405895629),
(259, '2.1_. ΦΟΡΜΑ ΝΟΜΟΛΟΓΙΑΣ ', '.docx', 36431, 17, 3, 1406218062),
(260, '1_ ΝΟΜΟΘΕΣΙΑ', '.doc', 825344, 17, 3, 1406218139),
(261, '1. ΝΟΜΟΘΕΣΙΑ (1)', '.doc', 825344, 17, 5, 1406218181),
(262, '1. ΝΟΜΟΘΕΣΙΑ', '.doc', 825344, 17, 5, 1406218182),
(263, '1. ΝΟΜΟΘΕΣΙΑ (1) (2)', '.doc', 825344, 17, 5, 1406218191),
(264, '1. ΝΟΜΟΘΕΣΙΑ (1)', '.doc', 825344, 17, 5, 1406218193),
(265, '1. ΝΟΜΟΘΕΣΙΑ (1) (2) (3)', '.doc', 825344, 17, 5, 1406218193),
(266, '1. ΝΟΜΟΘΕΣΙΑ (1) (2) (3) (4)', '.doc', 825344, 17, 5, 1406218194),
(267, '2.5_MalmoHRdom_T2847_13_(2)', '.pdf', 251044, 17, 3, 1406218382),
(268, '1_ΠΕΡΙΛΗΨΗ', '.doc', 313344, 18, 3, 1406283775),
(269, 'ΝΟΜΟΘΕΣΙΑ', '.doc', 662016, 13, 5, 1406324082),
(270, 'Evans v Amicus Healthcare Ltd', '.doc', 41472, 13, 5, 1406324298),
(271, 'Evans v Amicus Healthcare Ltd', '.pdf', 111548, 13, 5, 1406324308),
(272, 'ΝΟΜΟΛΟΓΙΑ-L Teaching Hospitals NHS Trust v A', '.doc', 37376, 13, 1, 1406324516),
(273, 'ΝΟΜΟΛΟΓΙΑ-L Teaching Hospitals NHS Trust v A (Preliminary Hearing)', '.doc', 35840, 13, 1, 1406324526),
(274, 'ΝΟΜΟΛΟΓΙΑ-Jonathan Yearworth and others v North Bristol NHS Trust', '.doc', 50176, 13, 1, 1406324533),
(275, 'ΚΕΙΜΕΝΟ ΑΠΟΦΑΣΗΣ-L Teaching Hospitals NHS Trust v A', '.pdf', 76945, 13, 1, 1406324555),
(276, 'ΚΕΙΜΕΝΟ ΑΠΟΦΑΣΗΣ-L Teaching Hospitals NHS Trust v A (Preliminary Hearing)', '.pdf', 15402, 13, 1, 1406324561),
(277, 'ΚΕΙΜΕΝΟ ΑΠΟΦΑΣΗΣ-Jonathan Yearworth and others v North Bristol NHS Trust', '.pdf', 86225, 13, 1, 1406324571),
(278, 'Kirk Dickson, Lorraine Dickson v Premier Prison Service Ltd ', '.doc', 39424, 13, 5, 1406324644),
(279, 'ΚΕΙΜΕΝΟ ΑΠΟΦΑΣΗΣ-Kirk Dickson, Lorraine Dickson v Premier Prison Service Ltd', '.pdf', 34738, 13, 1, 1406324687),
(280, 'ΝΟΜΟΛΟΓΙΑ-Kirk Dickson, Lorraine Dickson v Premier Prison Service Ltd ', '.doc', 39424, 13, 1, 1406324694),
(281, 'ΚΕΙΜΕΝΟ ΑΠΟΦΑΣΗΣ-Elizabeth Warren v Care Fertility (Northampton) Limited, HFEA', '.pdf', 83162, 13, 1, 1406324816),
(282, 'ΚΕΙΜΕΝΟ ΑΠΟΦΑΣΗΣ-Mrs U v Centre for Reproductive Medicine', '.pdf', 33654, 13, 1, 1406324824),
(283, 'ΚΕΙΜΕΝΟ ΑΠΟΦΑΣΗΣ-R. v Human Fertilisation and Embryology Authority Ex p. Blood 1st', '.pdf', 31244, 13, 1, 1406324832),
(284, 'ΚΕΙΜΕΝΟ ΑΠΟΦΑΣΗΣ-R. v Human Fertilisation and Embryology Authority Ex p. Blood εφετειακή', '.pdf', 84810, 13, 1, 1406324839),
(285, 'ΝΟΜΟΛΟΓΙΑ-Elizabeth Warren v Care Fertility (Northampton) Limited, HFEA', '.doc', 40960, 13, 1, 1406324847),
(286, 'ΝΟΜΟΛΟΓΙΑ-Mrs U v Centre for Reproductive Medicine', '.doc', 39424, 13, 1, 1406324854),
(287, 'ΝΟΜΟΛΟΓΙΑ-R. v Human Fertilisation and Embryology Authority Ex p. Blood 1st', '.doc', 38912, 13, 1, 1406324862),
(288, 'ΝΟΜΟΛΟΓΙΑ-R. v Human Fertilisation and Embryology Authority Ex p. Blood εφετειακή', '.doc', 40448, 13, 1, 1406324870),
(289, 'ΚΕΙΜΕΝΟ ΑΠΟΦΑΣΗΣ-CH (Contact- Parentage), Re', '.pdf', 12496, 13, 1, 1406324965),
(290, 'ΚΕΙΜΕΝΟ ΑΠΟΦΑΣΗΣ-R (A Child) (Contact- Human Fertilisation and Embryology Act 1990) (No.1), Re', '.pdf', 16608, 13, 1, 1406324972),
(291, 'ΚΕΙΜΕΝΟ ΑΠΟΦΑΣΗΣ-R (A Child) (Contact- Human Fertilisation and Embryology Act 1990) (No.2), Re', '.pdf', 37699, 13, 1, 1406324981),
(292, 'ΝΟΜΟΛΟΓΙΑ-CH (Contact- Parentage), Re ', '.doc', 36352, 13, 1, 1406324987),
(293, 'ΝΟΜΟΛΟΓΙΑ-R (A Child) (Contact- Human Fertilisation and Embryology Act 1990) (No.1), Re', '.doc', 37888, 13, 1, 1406324998),
(294, 'ΝΟΜΟΛΟΓΙΑ-R (A Child) (Contact- Human Fertilisation and Embryology Act 1990) (No.2), Re', '.doc', 38912, 13, 1, 1406325003),
(295, 'ΚΕΙΜΕΝΟ ΑΠΟΦΑΣΗΣ-G (Children) (Children-Sperm Donors-Leave to Apply for Children Act Orders), Re', '.pdf', 38439, 13, 1, 1406325122),
(296, 'ΚΕΙΜΕΝΟ ΑΠΟΦΑΣΗΣ-R v E (Female Parents Known Father)', '.pdf', 20097, 13, 1, 1406325128),
(297, 'ΚΕΙΜΕΝΟ ΑΠΟΦΑΣΗΣ-T v B', '.pdf', 78264, 13, 1, 1406325134),
(298, 'ΚΕΙΜΕΝΟ ΑΠΟΦΑΣΗΣ-TJ v CV, S, BA (by his Guardian ad litem Mr James Johnstone)', '.pdf', 39170, 13, 1, 1406325141),
(299, 'ΝΟΜΟΛΟΓΙΑ-G (Children) (Children-Sperm Donors-Leave to Apply for Children Act Orders), Re', '.doc', 42496, 13, 1, 1406325148),
(300, 'ΝΟΜΟΛΟΓΙΑ-R v E (Female Parents Known Father)', '.doc', 39424, 13, 1, 1406325155),
(301, 'ΝΟΜΟΛΟΓΙΑ-T v B', '.doc', 38400, 13, 1, 1406325161),
(302, 'ΝΟΜΟΛΟΓΙΑ-TJ v CV, S, BA (by his Guardian ad litem Mr James Johnstone)', '.doc', 38400, 13, 1, 1406325170),
(303, 'ΚΕΙΜΕΝΟ ΑΠΟΦΑΣΗΣ-A &amp; B v SA', '.pdf', 32405, 13, 1, 1406325617),
(304, 'ΚΕΙΜΕΝΟ ΑΠΟΦΑΣΗΣ-A, A v P, P, B', '.pdf', 42808, 13, 1, 1406325625),
(305, 'ΚΕΙΜΕΝΟ ΑΠΟΦΑΣΗΣ-CC v DD', '.pdf', 39607, 13, 1, 1406325632),
(306, 'ΚΕΙΜΕΝΟ ΑΠΟΦΑΣΗΣ-CW v NT, TT (a child, by her guardian Joanne Farnsworth)', '.pdf', 56280, 13, 1, 1406325639),
(307, 'ΚΕΙΜΕΝΟ ΑΠΟΦΑΣΗΣ-D (A Child), Re', '.pdf', 21939, 13, 1, 1406325651),
(308, 'ΚΕΙΜΕΝΟ ΑΠΟΦΑΣΗΣ-D, L (Minors) (Surrogacy)', '.pdf', 47355, 13, 1, 1406325659),
(309, 'ΚΕΙΜΕΝΟ ΑΠΟΦΑΣΗΣ-In the Matter of C (A Child)', '.pdf', 38610, 13, 1, 1406325667),
(310, 'ΚΕΙΜΕΝΟ ΑΠΟΦΑΣΗΣ-In the matter of- Re- B-G (A Child)', '.pdf', 18144, 13, 1, 1406325674),
(311, 'ΚΕΙΜΕΝΟ ΑΠΟΦΑΣΗΣ-In the matter of X and Y (Children)', '.pdf', 37980, 13, 1, 1406325681),
(312, 'ΚΕΙΜΕΝΟ ΑΠΟΦΑΣΗΣ-J v G (Parental Orders)', '.pdf', 37423, 13, 1, 1406325690),
(313, 'ΚΕΙΜΕΝΟ ΑΠΟΦΑΣΗΣ-Mr G v Mrs G.', '.pdf', 52432, 13, 1, 1406325794),
(314, 'ΚΕΙΜΕΝΟ ΑΠΟΦΑΣΗΣ-Q (A Minor) (Parental Order), Re', '.pdf', 28019, 13, 1, 1406325800),
(315, 'ΚΕΙΜΕΝΟ ΑΠΟΦΑΣΗΣ-Re C', '.pdf', 22406, 13, 1, 1406325808),
(316, 'ΚΕΙΜΕΝΟ ΑΠΟΦΑΣΗΣ-Re G (Surrogacy- Foreign Domicile)', '.pdf', 50726, 13, 1, 1406325815),
(317, 'ΚΕΙΜΕΝΟ ΑΠΟΦΑΣΗΣ-Re IJ (A Child)', '.pdf', 19352, 13, 1, 1406325824),
(318, 'ΚΕΙΜΕΝΟ ΑΠΟΦΑΣΗΣ-RE L (a minor)', '.pdf', 17940, 13, 1, 1406325832),
(319, 'ΚΕΙΜΕΝΟ ΑΠΟΦΑΣΗΣ-Re P-M', '.pdf', 32194, 13, 1, 1406325841),
(320, 'ΚΕΙΜΕΝΟ ΑΠΟΦΑΣΗΣ-Re W', '.pdf', 33907, 13, 1, 1406325852),
(321, 'ΚΕΙΜΕΝΟ ΑΠΟΦΑΣΗΣ-Re- WT', '.pdf', 39044, 13, 1, 1406325860),
(322, 'ΚΕΙΜΕΝΟ ΑΠΟΦΑΣΗΣ-Re- X &amp; Y (Foreign Surrogacy)', '.pdf', 48547, 13, 1, 1406325870),
(323, 'ΚΕΙΜΕΝΟ ΑΠΟΦΑΣΗΣ-S (Parental Order), Re', '.pdf', 20789, 13, 1, 1406325879),
(324, 'ΚΕΙΜΕΝΟ ΑΠΟΦΑΣΗΣ-Z, B v C, Cafcass Legal as Advocate to the Court', '.pdf', 36729, 13, 1, 1406325887),
(325, '2,1_ ΝΟΜΟΛΟΓΙΑ-A &amp; B v SA', '.doc', 38912, 13, 3, 1406325896),
(326, '2.2_ ΝΟΜΟΛΟΓΙΑ-A, A v P, P, B', '.doc', 37376, 13, 3, 1406325904),
(327, '2.4_ ΝΟΜΟΛΟΓΙΑ-CC v DD', '.doc', 37376, 13, 3, 1406325912),
(328, 'ΝΟΜΟΛΟΓΙΑ-CW v NT, TT (a child, by her guardian Joanne Farnsworth)', '.doc', 36352, 13, 1, 1406325923),
(329, 'ΝΟΜΟΛΟΓΙΑ-D (A Child), Re', '.doc', 39936, 13, 1, 1406325935),
(330, 'ΝΟΜΟΛΟΓΙΑ-D, L (Minors) (Surrogacy)', '.doc', 38912, 13, 1, 1406325945),
(331, 'ΝΟΜΟΛΟΓΙΑ-In the Matter of C (A Child)', '.doc', 37888, 13, 1, 1406325954),
(332, 'ΝΟΜΟΛΟΓΙΑ-In the matter of- Re- B-G (A Child)', '.doc', 38400, 13, 1, 1406325969),
(333, 'ΝΟΜΟΛΟΓΙΑ-In the matter of X and Y (Children)', '.doc', 37376, 13, 1, 1406325977),
(334, 'ΝΟΜΟΛΟΓΙΑ-J v G', '.doc', 39424, 13, 1, 1406325986),
(335, 'ΝΟΜΟΛΟΓΙΑ-Mr G v Mrs G', '.doc', 39936, 13, 1, 1406326010),
(336, 'ΝΟΜΟΛΟΓΙΑ-Q (A Minor) (Parental Order), Re', '.doc', 36864, 13, 1, 1406326044),
(337, 'ΝΟΜΟΛΟΓΙΑ-Re C', '.doc', 37376, 13, 1, 1406326055),
(338, 'ΝΟΜΟΛΟΓΙΑ-Re G (Surrogacy-Foreign Domicile)', '.doc', 38912, 13, 1, 1406326068),
(339, 'ΝΟΜΟΛΟΓΙΑ-Re IJ (A Child)', '.doc', 38400, 13, 1, 1406326077),
(340, 'ΝΟΜΟΛΟΓΙΑ-RE L (a minor)', '.doc', 38400, 13, 1, 1406326085),
(341, 'ΝΟΜΟΛΟΓΙΑ-Re P-M', '.doc', 38912, 13, 1, 1406326097),
(342, 'ΝΟΜΟΛΟΓΙΑ-Re W', '.doc', 38912, 13, 1, 1406326109),
(343, 'ΝΟΜΟΛΟΓΙΑ-Re- X &amp; Y (Foreign Surrogacy)', '.doc', 38400, 13, 1, 1406326126),
(344, 'ΝΟΜΟΛΟΓΙΑ-Re-WT', '.doc', 39936, 13, 1, 1406326137),
(345, 'ΝΟΜΟΛΟΓΙΑ-S (Parental Order), Re', '.doc', 38400, 13, 1, 1406326145),
(346, 'ΝΟΜΟΛΟΓΙΑ-Z, B v C, Cafcass Legal as Advocate to the Court', '.doc', 37888, 13, 1, 1406326155),
(347, 'ΚΕΙΜΕΝΟ ΑΠΟΦΑΣΗΣ-Evans v Amicus Healthcare Ltd appeal', '.pdf', 137559, 16, 5, 1406326361),
(348, 'ΚΕΙΜΕΝΟ ΑΠΟΦΑΣΗΣ-Evans v Amicus Healthcare Ltd appeal', '.pdf', 137559, 13, 1, 1406326372),
(349, 'ΚΕΙΜΕΝΟ ΑΠΟΦΑΣΗΣ-Evans v Amicus Healthcare Ltd appeal (1)', '.pdf', 137559, 13, 5, 1406326374),
(350, 'ΚΕΙΜΕΝΟ ΑΠΟΦΑΣΗΣ-Evans v Amicus Healthcare Ltd', '.pdf', 111548, 13, 1, 1406326389),
(351, 'ΚΕΙΜΕΝΟ ΑΠΟΦΑΣΗΣ-R. (on the application of AB) v Human Fertilisation and Embryology Authority', '.pdf', 12750, 13, 1, 1406326395),
(352, 'ΝΟΜΟΛΟΓΙΑ-Evans v Amicus Healthcare Ltd appeal', '.doc', 39936, 13, 1, 1406326402),
(353, 'ΝΟΜΟΛΟΓΙΑ-Evans v Amicus Healthcare Ltd', '.doc', 41472, 13, 1, 1406326408),
(354, 'ΝΟΜΟΛΟΓΙΑ-R. (on the application of AB) v Human Fertilisation and Embryology Authority', '.doc', 37888, 13, 1, 1406326414),
(355, '1_ Nομοθεσία', '.doc', 1417728, 12, 3, 1406372693),
(356, 'Γαλλικη Νομοθεσία (1)', '.doc', 1417728, 12, 5, 1406372696),
(357, 'Γαλλικη Νομοθεσία (1) (2)', '.doc', 1417728, 12, 5, 1406372714),
(358, 'Γαλλικη Νομοθεσία (1) (2) (3)', '.doc', 1417728, 12, 5, 1406372717),
(359, '2_ Νομολογία', '.doc', 986112, 12, 3, 1406372963),
(360, '3.6_Bateman', '.doc', 241152, 12, 5, 1406373107),
(361, '3.1_Parizer', '.doc', 153088, 12, 1, 1406373371),
(362, '3.2_Patrat', '.doc', 177152, 12, 1, 1406373381),
(363, '3.3_Guerin', '.doc', 189440, 12, 1, 1406373390),
(364, '3.4_Jouannet', '.doc', 188416, 12, 1, 1406373398),
(365, '3.5_Millan', '.doc', 180224, 12, 1, 1406373406),
(366, '3.6_Bateman', '.doc', 241152, 12, 1, 1406373415),
(367, '3.6_Bateman (1)', '.doc', 241152, 12, 5, 1406373427),
(368, '3.7_Mirkovic', '.doc', 236544, 12, 1, 1406373447),
(369, '3.8_Gaumont_Prat', '.doc', 155648, 12, 1, 1406373455),
(370, '3.9_Taboulet', '.doc', 146432, 12, 1, 1406373471),
(371, 'ΝΟΜΟΛΟΓΙΑ-L v The Human Fertilisation and Embryology Authority, Secretary of State for Health', '.doc', 41984, 13, 5, 1406374703),
(372, 'ΚΕΙΜΕΝΟ ΑΠΟΦΑΣΗΣ-JP v LP, SP, CP by the child''s Guardian', '.pdf', 40444, 13, 3, 1406375143),
(373, 'ΚΕΙΜΕΝΟ ΑΠΟΦΑΣΗΣ-Attorney General''s Reference 2 of 2003', '.pdf', 26877, 13, 3, 1406375259),
(374, 'ΝΟΜΟΛΟΓΙΑ-JP v LP, SP, CP by the child''s Guardian', '.doc', 37888, 13, 3, 1406375307),
(375, '2.3_ ΝΟΜΟΛΟΓΙΑ-Attorney General''s Reference 2 of 2003', '.doc', 39936, 13, 3, 1406375343),
(376, 'ΚΕΙΜΕΝΟ ΑΠΟΦΑΣΗΣ-L v The Human Fertilisation and Embryology Authority, Secretary of State for Health', '.pdf', 110928, 13, 1, 1406375711),
(377, 'ΝΟΜΟΛΟΓΙΑ-L v The Human Fertilisation and Embryology Authority, Secretary of State for Health', '.doc', 41984, 13, 1, 1406375722),
(378, 'ΙΥΑ - ΙΤΑΛΙΑ - ΝΟΜΟΘΕΣΙΑ', '.doc', 764928, 15, 5, 1406379888),
(379, 'ΙΥΑ - ΙΤΑΛΙΑ - ΝΟΜΟΘΕΣΙΑ (1)', '.doc', 764928, 15, 5, 1406379894),
(380, '3.6_ MARINA CASINI _ ANTONIO SPAGNOLO', '.doc', 215040, 15, 1, 1406380134),
(381, '3.7_ RENZO PEGORARO', '.doc', 211968, 15, 1, 1406380153),
(382, '3.8_ ANDREA BORINI', '.pdf', 3478023, 15, 1, 1406380298),
(383, '3.8_ ANDREA BORINI (1)', '.pdf', 3478023, 15, 5, 1406380424),
(384, '3.8_ ANDREA BORINI (1) (2)', '.pdf', 3478023, 15, 5, 1406380488),
(385, '3.8_ ANDREA BORINI (1) (2) (3)', '.pdf', 3478023, 15, 5, 1406380497),
(386, '3.8_ ANDREA BORINI (1) (2) (3) (4)', '.pdf', 3478023, 15, 5, 1406380509),
(387, '3.8_ ANDREA BORINI (1) (2) (3) (4) (5)', '.pdf', 3478023, 15, 5, 1406380512),
(388, '3.8_ ANDREA BORINI (1) (2) (3) (4) (5) (6)', '.pdf', 3478023, 15, 5, 1406380517),
(389, '1_ ΝΟΜΟΘΕΣΙΑ', '.doc', 764928, 15, 3, 1406390001),
(390, 'ΙΥΑ - ΙΤΑΛΙΑ - ΝΟΜΟΘΕΣΙΑ', '.doc', 764928, 15, 5, 1406390036),
(391, '2_ ΝΟΜΟΛΟΓΙΑ', '.doc', 313856, 15, 3, 1406390068),
(392, 'ΙΥΑ - ΙΤΑΛΙΑ - CORTE COSTITUZIONALE 162_2014', '.pdf', 127054, 15, 1, 1406390092),
(393, 'ΙΥΑ - ΙΤΑΛΙΑ - CORTE COSTITUZIONALE - 151_2009', '.docx', 55367, 15, 1, 1406390113),
(394, 'ΙΥΑ - ΙΤΑΛΙΑ - TAR LAZIO 398 21_1_2008', '.pdf', 108849, 15, 1, 1406390137),
(395, 'ΙΥΑ  - ΙΤΑΛΙΑ - TRIBUNALE DI ROMA - ORDINANZA 86 28.2.2014', '.docx', 65402, 15, 1, 1406390156),
(396, 'ΙΥΑ - ΙΤΑΛΙΑ - TRIBUNALE DI ROMA - ORDINANZA DEL 23_9_2013', '.pdf', 122409, 15, 1, 1406390176),
(397, 'ΙΥΑ - ΙΤΑΛΙΑ - TRIBUNALE DI FIRENZE - ORDINANZA 166 7_12_2012', '.docx', 77576, 15, 1, 1406390200),
(398, 'ΙΥΑ - ΙΤΑΛΙΑ - TRIBUNALE DI CAGLIARI - ORDINANZA 5925 9_11_2012', '.pdf', 197906, 15, 1, 1406390220),
(399, 'ΙΥΑ - ΙΤΑΛΙΑ - TRIBUNALE DI SALERNO - ORDINANZA DEL 13_1_2010', '.pdf', 127329, 15, 1, 1406390237),
(400, 'ΙΥΑ - ΙΤΑΛΙΑ - TRIBUNALE DI FIRENZE - ORDINANZA DEL 17_12_2007', '.pdf', 128370, 15, 1, 1406390265),
(401, 'ΙΥΑ - ΙΤΑΛΙΑ - TRIBUNALE DI CATANIA - ORDINANZA DEL 3_5_2004', '.docx', 46518, 15, 1, 1406390279),
(402, 'ΙΥΑ - ΙΤΑΛΙΑ - TRIBUNALE DI MILANO 8_4_2014', '.pdf', 904899, 15, 1, 1406390309),
(403, 'ΙΥΑ - ΙΤΑΛΙΑ - TRIBUNALE DI BRESCIA 26_11_2013', '.pdf', 709200, 15, 1, 1406390331),
(404, 'ΙΥΑ - ΙΤΑΛΙΑ - TRIBUNALE DI MILANO 15_10_2013', '.pdf', 749874, 15, 1, 1406390386),
(405, 'ΚΕΙΜΕΝΟ ΑΠΟΦΑΣΗΣ-The Queen on the Application of Quintavalle v Human Fertilisation and Embryology Authority', '.pdf', 128763, 13, 1, 1406465565),
(406, 'ΝΟΜΟΛΟΓΙΑ-The Queen on the Application of Quintavalle v Human Fertilisation and Embryology Authority', '.doc', 52224, 13, 5, 1406465575),
(407, 'ΝΟΜΟΛΟΓΙΑ-The Queen on the Application of Quintavalle v Human Fertilisation and Embryology Authority', '.doc', 53760, 13, 1, 1406465993),
(408, 'ΚΕΙΜΕΝΟ ΑΠΟΦΑΣΗΣ-R. (On the Application of Quintavalle) v Secretary of State for Health', '.pdf', 76035, 13, 1, 1406474164),
(409, 'ΝΟΜΟΛΟΓΙΑ-R. (On the Application of Quintavalle) v Secretary of State for Health', '.doc', 46080, 13, 1, 1406474174),
(410, '1_ ΝΟΜΟΘΕΣΙΑ', '.doc', 663040, 13, 3, 1406474643),
(411, 'ΝΟΜΟΘΕΣΙΑ ΑΓΓΛΙΑ (1)', '.doc', 663040, 13, 5, 1406474655),
(412, 'ΝΟΜΟΘΕΣΙΑ ΑΓΓΛΙΑ (1) (2)', '.doc', 663040, 13, 5, 1406474655),
(413, 'ΛΙΣΤΑ ΝΟΜΟΛΟΓΙΑΣ ΗΝΩΜΕΝΟΥ ΒΑΣΙΛΕΙΟΥ ΑΝΑ ΘΕΜΑΤΙΚΗ', '.doc', 34304, 13, 1, 1406475731),
(417, '1_ ΝΟΜΟΘΕΣΙΑ', '.doc', 854528, 14, 5, 1407232534),
(418, 'Συνέντευξη Πρόεδρος ESHRE', '.doc', 155136, 21, 1, 1407233516),
(419, 'Συνέντευξη Πρόεδρος ESHRE', '.doc', 155136, 26, 1, 1407233626),
(420, 'Συνέντευξη Πρόεδρος IFFS', '.doc', 152576, 27, 1, 1407233719),
(421, '1. ΝΟΜΟΘΕΣΙΑ ΓΕΡΜΑΝΙΑ ΤΕΛΙΚΟ', '.doc', 854528, 16, 1, 1407750782),
(422, '1. ΝΟΜΟΘΕΣΙΑ ΓΕΡΜΑΝΙΑ ΤΕΛΙΚΟ (1)', '.doc', 854528, 16, 5, 1407750796),
(423, 'AG 16-2-2010', '.doc', 39424, 16, 1, 1407750866),
(424, 'BGH 3-3-2004', '.doc', 37888, 16, 1, 1407750881),
(425, 'BGH 6-7-2010', '.doc', 42496, 16, 1, 1407750893),
(426, 'BGH 9-11-1993', '.doc', 41984, 16, 1, 1407750911),
(427, 'BSG 21-2-2006', '.doc', 42496, 16, 1, 1407750926),
(428, 'VG 20-2-2013', '.doc', 41984, 16, 1, 1407750941),
(429, 'VGH 3-5-2012', '.doc', 42496, 16, 1, 1407750957),
(430, 'AG 16-2-2010 κείμενο απόφασης', '.pdf', 74420, 16, 1, 1407750972),
(431, 'BGH 6-7-2010 κείμενο απόφασης', '.pdf', 105734, 16, 1, 1407750988),
(432, 'BGH 3-3-04 κείμενο απόφασης', '.pdf', 47336, 16, 3, 1407751004),
(433, 'BSG 21-2-2006 κείμενο απόφασης', '.doc', 86528, 16, 1, 1407751048),
(434, 'VG 20-2-2013 κείμενο απόφασης', '.pdf', 78911, 16, 1, 1407751065),
(435, 'VGH 3-5-2012 κείμενο απόφασης', '.pdf', 106276, 16, 1, 1407751082),
(436, 'Λίστα Νομολογίας', '.doc', 28672, 16, 1, 1407752675),
(437, '2.0_ΠΡΟΣΩΠΑ ΑΝΑΦΟΡΑΣ', '.doc', 133632, 10, 1, 1409324290),
(438, '2.1_ΠΡΟΣΩΠΑ ΑΝΑΦΟΡΑΣ', '.doc', 171520, 10, 1, 1409324582),
(439, '1_ΝΟΜΟΘΕΣΙΑ', '.docx', 115851, 14, 3, 1409564162);

-- --------------------------------------------------------

--
-- Table structure for table `file_categories`
--

CREATE TABLE IF NOT EXISTS `file_categories` (
  `id` int(11) NOT NULL AUTO_INCREMENT,
  `label` varchar(127) COLLATE utf8_unicode_ci NOT NULL,
  `description` varchar(1023) COLLATE utf8_unicode_ci DEFAULT NULL,
  `parent_id` int(11) DEFAULT NULL,
  `lang_id` int(11) NOT NULL,
  `category_state` tinyint(4) NOT NULL,
  `created_at` int(11) NOT NULL,
  PRIMARY KEY (`id`),
  KEY `category_state` (`category_state`),
  KEY `lang_id` (`lang_id`)
) ENGINE=InnoDB  DEFAULT CHARSET=utf8 COLLATE=utf8_unicode_ci AUTO_INCREMENT=28 ;

--
-- Dumping data for table `file_categories`
--

INSERT INTO `file_categories` (`id`, `label`, `description`, `parent_id`, `lang_id`, `category_state`, `created_at`) VALUES
(9, '02. ΑΡΧΙΚΑ ΕΡΩΤΗΜΑΤΟΛΟΓΙΑ', NULL, NULL, 2, 3, 1402850830),
(10, '03. ΤΕΛΙΚΑ ΕΡΩΤΗΜΑΤΟΛΟΓΙΑ', NULL, NULL, 2, 3, 1403283079),
(11, '04. ΕΛΛΑΔΑ', NULL, NULL, 2, 3, 1403477764),
(12, '05. ΓΑΛΛΙΑ', NULL, NULL, 2, 3, 1403479689),
(13, '06. Μ.ΒΡΕΤΑΝΙΑ', NULL, NULL, 2, 3, 1403479734),
(14, '07. ΙΡΛΑΝΔΙΑ', NULL, NULL, 2, 3, 1403479759),
(15, '08. ΙΤΑΛΙΑ', NULL, NULL, 2, 3, 1403479804),
(16, '09. ΓΕΡΜΑΝΙΑ', NULL, NULL, 2, 3, 1403479815),
(17, '10. ΣΟΥΗΔΙΑ', NULL, NULL, 2, 3, 1403479823),
(18, '11. ΝΟΜΟΛΟΓΙΑ ΕΔΔΑ', NULL, NULL, 2, 3, 1403603267),
(19, '12. ΝΟΜΟΛΟΓΙΑ ΔΕΕ', NULL, NULL, 2, 3, 1403603288),
(20, 'ΣΥΜΠΛΗΡΩΜΕΝΑ ΕΡΩΤΗΜΑΤΟΛΟΓΙΑ', NULL, NULL, 2, 6, 1403605102),
(21, '01. ΔΙΑΦΟΡΑ', NULL, NULL, 2, 3, 1403605459),
(22, 'ΜΕΛΕΤΕΣ - ΑΡΘΡΑ - ΠΑΡΑΤΗΡΗΣΕΙΣ ΣΤΗ ΝΟΜΟΛΟΓΙΑ', NULL, NULL, 2, 6, 1403605488),
(23, '15. ΜΕΛΕΤΕΣ- ΠΑΡΑΤΗΡΗΣΕΙΣ', NULL, NULL, 2, 3, 1403605520),
(25, 'test folder', NULL, NULL, 2, 6, 1403976053),
(26, '13. ΠΡΟΕΔΡΟΣ ESHRE', NULL, NULL, 2, 1, 1407233597),
(27, '14. ΠΡΟΕΔΡΟΣ IFFS', NULL, NULL, 2, 1, 1407233616);

-- --------------------------------------------------------

--
-- Table structure for table `file_category_history`
--

CREATE TABLE IF NOT EXISTS `file_category_history` (
  `category_id` int(11) NOT NULL,
  `user_id` int(11) NOT NULL,
  `from_state` tinyint(4) DEFAULT NULL,
  `to_state` tinyint(4) NOT NULL,
  `timedate` int(11) NOT NULL,
  PRIMARY KEY (`category_id`,`timedate`),
  KEY `from_state` (`from_state`),
  KEY `to_state` (`to_state`)
) ENGINE=InnoDB DEFAULT CHARSET=utf8 COLLATE=utf8_unicode_ci;

--
-- Dumping data for table `file_category_history`
--

INSERT INTO `file_category_history` (`category_id`, `user_id`, `from_state`, `to_state`, `timedate`) VALUES
(9, 1, NULL, 1, 1402850830),
(9, 1, 1, 3, 1403283104),
(9, 12, 3, 3, 1403906354),
(9, 1, 3, 3, 1403946388),
(9, 1, 3, 3, 1403946424),
(10, 1, NULL, 1, 1403283079),
(10, 12, 1, 3, 1403906365),
(10, 1, 3, 3, 1403946446),
(11, 12, NULL, 1, 1403477764),
(11, 12, 1, 3, 1403478226),
(11, 12, 3, 3, 1403478237),
(11, 12, 3, 3, 1403479789),
(11, 12, 3, 3, 1403906378),
(11, 1, 3, 3, 1403946458),
(12, 12, NULL, 1, 1403479689),
(12, 12, 1, 3, 1403479703),
(12, 12, 3, 3, 1403479779),
(12, 12, 3, 3, 1403906391),
(12, 1, 3, 3, 1403946472),
(13, 12, NULL, 1, 1403479734),
(13, 12, 1, 3, 1403479769),
(13, 12, 3, 3, 1403906401),
(13, 1, 3, 3, 1403946483),
(14, 12, NULL, 1, 1403479759),
(14, 12, 1, 3, 1403906411),
(14, 1, 3, 3, 1403946493),
(15, 12, NULL, 1, 1403479804),
(15, 12, 1, 3, 1403906420),
(15, 1, 3, 3, 1403946503),
(16, 12, NULL, 1, 1403479815),
(16, 12, 1, 3, 1403906430),
(16, 1, 3, 3, 1403946525),
(17, 12, NULL, 1, 1403479823),
(17, 12, 1, 3, 1403906439),
(17, 1, 3, 3, 1403946552),
(18, 12, NULL, 1, 1403603267),
(18, 12, 1, 3, 1403906451),
(18, 1, 3, 3, 1403946559),
(19, 12, NULL, 1, 1403603288),
(19, 12, 1, 3, 1403906461),
(19, 1, 3, 3, 1403946566),
(20, 12, NULL, 1, 1403605102),
(20, 12, 1, 5, 1403605137),
(20, 1, 5, 6, 1403983654),
(21, 12, NULL, 1, 1403605459),
(21, 12, 1, 3, 1403906125),
(21, 1, 3, 3, 1403946434),
(22, 12, NULL, 1, 1403605488),
(22, 12, 1, 5, 1403605498),
(22, 1, 5, 6, 1403983654),
(23, 12, NULL, 1, 1403605520),
(23, 12, 1, 3, 1403906472),
(23, 1, 3, 3, 1403946573),
(23, 12, 3, 3, 1407233573),
(25, 1, NULL, 1, 1403976053),
(25, 1, 1, 5, 1403976101),
(25, 1, 5, 6, 1403976111),
(26, 12, NULL, 1, 1407233597),
(27, 12, NULL, 1, 1407233616);

-- --------------------------------------------------------

--
-- Table structure for table `file_history`
--

CREATE TABLE IF NOT EXISTS `file_history` (
  `file_id` int(11) NOT NULL,
  `user_id` int(11) NOT NULL,
  `from_state` tinyint(4) DEFAULT NULL,
  `to_state` tinyint(4) NOT NULL,
  `timedate` int(11) NOT NULL,
  PRIMARY KEY (`file_id`,`timedate`),
  KEY `from_state` (`from_state`),
  KEY `to_state` (`to_state`)
) ENGINE=InnoDB DEFAULT CHARSET=utf8 COLLATE=utf8_unicode_ci;

--
-- Dumping data for table `file_history`
--

INSERT INTO `file_history` (`file_id`, `user_id`, `from_state`, `to_state`, `timedate`) VALUES
(100, 12, NULL, 1, 1403602206),
(102, 12, NULL, 1, 1403602255),
(103, 12, NULL, 1, 1403602268),
(104, 12, NULL, 1, 1403602279),
(105, 12, NULL, 1, 1403602552),
(106, 12, NULL, 1, 1403602566),
(106, 12, 1, 5, 1409324254),
(108, 12, NULL, 1, 1403602619),
(108, 12, 1, 3, 1403906611),
(108, 12, 3, 3, 1409324568),
(109, 12, NULL, 1, 1403602632),
(110, 12, NULL, 1, 1403602648),
(111, 12, NULL, 1, 1403602662),
(112, 12, NULL, 1, 1403602797),
(112, 16, 1, 5, 1405763271),
(114, 12, NULL, 1, 1403602815),
(115, 12, NULL, 1, 1403602993),
(115, 20, 1, 5, 1406372982),
(116, 12, NULL, 1, 1403603036),
(116, 21, 1, 5, 1406324030),
(117, 12, NULL, 1, 1403603086),
(117, 12, 1, 5, 1407232528),
(118, 12, NULL, 1, 1403603096),
(119, 12, NULL, 1, 1403603136),
(119, 22, 1, 3, 1406379850),
(119, 12, 3, 5, 1407232761),
(120, 12, NULL, 1, 1403603167),
(120, 27, 1, 5, 1407750790),
(121, 12, NULL, 1, 1403603213),
(121, 16, 1, 5, 1405624776),
(122, 12, NULL, 1, 1403603453),
(122, 12, 1, 5, 1404381081),
(123, 12, NULL, 1, 1403603473),
(123, 12, 1, 3, 1404022610),
(123, 12, 3, 3, 1404022783),
(124, 12, NULL, 1, 1403603571),
(124, 12, 1, 3, 1404022621),
(124, 12, 3, 3, 1404022730),
(125, 12, NULL, 1, 1403603586),
(125, 12, 1, 3, 1404022631),
(125, 12, 3, 3, 1404022744),
(126, 12, NULL, 1, 1403603602),
(126, 12, 1, 3, 1404022644),
(126, 12, 3, 3, 1404022752),
(127, 12, NULL, 1, 1403603620),
(127, 12, 1, 3, 1404022665),
(128, 12, NULL, 1, 1403603637),
(128, 12, 1, 3, 1404022689),
(128, 12, 3, 3, 1404022769),
(129, 12, NULL, 1, 1403603695),
(129, 12, 1, 3, 1404022709),
(130, 12, NULL, 1, 1403603732),
(131, 12, NULL, 1, 1403603955),
(132, 12, NULL, 1, 1403604151),
(133, 12, NULL, 1, 1403604165),
(134, 12, NULL, 1, 1403604181),
(135, 12, NULL, 1, 1403604193),
(136, 12, NULL, 1, 1403604208),
(138, 12, NULL, 1, 1403604294),
(139, 12, NULL, 1, 1403604310),
(140, 12, NULL, 1, 1403604322),
(151, 12, NULL, 1, 1403604862),
(152, 12, NULL, 1, 1403604875),
(153, 12, NULL, 1, 1403604888),
(154, 12, NULL, 1, 1403604899),
(155, 12, NULL, 1, 1403604912),
(156, 12, NULL, 1, 1403604928),
(157, 12, NULL, 1, 1403604939),
(158, 12, NULL, 1, 1403604952),
(161, 12, NULL, 1, 1403607944),
(162, 12, NULL, 1, 1403608071),
(163, 12, NULL, 1, 1403608101),
(164, 12, NULL, 1, 1403608141),
(165, 12, NULL, 1, 1403823949),
(165, 12, 1, 3, 1404022584),
(166, 12, NULL, 1, 1403907911),
(167, 12, NULL, 1, 1403907946),
(168, 12, NULL, 1, 1403908009),
(183, 1, NULL, 1, 1403972962),
(183, 1, 1, 3, 1403972980),
(183, 1, 3, 3, 1403973004),
(183, 1, 3, 3, 1403982125),
(183, 1, 3, 3, 1403982254),
(183, 1, 3, 3, 1403982365),
(183, 1, 3, 3, 1403982375),
(184, 1, NULL, 1, 1403976076),
(184, 1, 1, 5, 1403976101),
(184, 1, 5, 6, 1403976111),
(185, 12, NULL, 1, 1404022342),
(186, 12, NULL, 1, 1404022382),
(187, 12, NULL, 1, 1404022426),
(188, 12, NULL, 1, 1404022464),
(189, 12, NULL, 1, 1404022501),
(193, 12, NULL, 1, 1404380502),
(194, 12, NULL, 1, 1404380566),
(194, 20, 1, 5, 1406373337),
(195, 12, NULL, 1, 1404380576),
(195, 20, 1, 5, 1406373341),
(196, 12, NULL, 1, 1404380583),
(196, 20, 1, 5, 1406373345),
(197, 12, NULL, 1, 1404380591),
(197, 20, 1, 5, 1406373348),
(198, 12, NULL, 1, 1404380598),
(198, 20, 1, 5, 1406373351),
(199, 12, NULL, 1, 1404380605),
(199, 20, 1, 5, 1406373093),
(200, 12, NULL, 1, 1404380630),
(200, 21, 1, 5, 1405513555),
(201, 12, NULL, 1, 1404380636),
(201, 21, 1, 5, 1405513543),
(202, 12, NULL, 1, 1404380657),
(203, 12, NULL, 1, 1404380664),
(204, 12, NULL, 1, 1404380682),
(205, 12, NULL, 1, 1404380691),
(206, 12, NULL, 1, 1404380717),
(206, 22, 1, 5, 1406389972),
(207, 12, NULL, 1, 1404380731),
(207, 22, 1, 5, 1406389965),
(208, 12, NULL, 1, 1404380739),
(209, 12, NULL, 1, 1404380760),
(210, 12, NULL, 1, 1404380769),
(210, 12, 1, 3, 1404380783),
(211, 12, NULL, 1, 1404380810),
(211, 16, 1, 3, 1405624968),
(211, 16, 3, 5, 1406218038),
(212, 12, NULL, 1, 1404380822),
(213, 12, NULL, 1, 1404380828),
(214, 12, NULL, 1, 1404380836),
(215, 12, NULL, 1, 1404380850),
(215, 16, 1, 5, 1406218413),
(216, 12, NULL, 1, 1404380865),
(217, 12, NULL, 1, 1404380871),
(218, 12, NULL, 1, 1404380877),
(219, 12, NULL, 1, 1404380882),
(220, 12, NULL, 1, 1404380888),
(221, 12, NULL, 1, 1404380898),
(222, 12, NULL, 1, 1404380904),
(223, 12, NULL, 1, 1404380919),
(224, 12, NULL, 1, 1404381062),
(224, 16, 1, 5, 1406283795),
(225, 12, NULL, 1, 1404808090),
(225, 20, 1, 5, 1406373354),
(226, 12, NULL, 1, 1404808235),
(226, 12, 1, 3, 1404808255),
(226, 12, 3, 3, 1404808276),
(226, 22, 3, 3, 1406380309),
(227, 12, NULL, 1, 1404808290),
(228, 12, NULL, 1, 1404808297),
(229, 12, NULL, 1, 1404808304),
(230, 12, NULL, 1, 1404808346),
(230, 12, 1, 3, 1404808377),
(231, 12, NULL, 1, 1404808353),
(231, 12, 1, 3, 1404808384),
(232, 12, NULL, 1, 1404808360),
(232, 12, 1, 3, 1404808392),
(233, 12, NULL, 1, 1404808366),
(233, 12, 1, 3, 1404808399),
(234, 20, NULL, 1, 1404929921),
(234, 20, 1, 5, 1404930089),
(235, 20, NULL, 1, 1404929962),
(235, 20, 1, 5, 1405837860),
(236, 20, NULL, 1, 1404929974),
(236, 20, 1, 5, 1405837855),
(237, 21, NULL, 1, 1405513629),
(237, 12, 1, 3, 1407231576),
(237, 12, 3, 3, 1407231586),
(238, 21, NULL, 1, 1405513643),
(238, 12, 1, 3, 1407231595),
(239, 21, NULL, 1, 1405513657),
(239, 12, 1, 3, 1407231606),
(240, 21, NULL, 1, 1405513671),
(240, 12, 1, 3, 1407231617),
(241, 21, NULL, 1, 1405513680),
(241, 12, 1, 3, 1407231628),
(242, 21, NULL, 1, 1405513690),
(242, 12, 1, 3, 1407231649),
(243, 21, NULL, 1, 1405513702),
(243, 12, 1, 3, 1407231660),
(244, 21, NULL, 1, 1405513715),
(244, 12, 1, 3, 1407231674),
(245, 21, NULL, 1, 1405513726),
(245, 12, 1, 3, 1407231683),
(246, 21, NULL, 1, 1405513741),
(246, 12, 1, 3, 1407231694),
(247, 16, NULL, 1, 1405624769),
(247, 16, 1, 3, 1405624936),
(247, 16, 3, 5, 1405763185),
(248, 16, NULL, 1, 1405624776),
(248, 16, 1, 5, 1405624809),
(249, 16, NULL, 1, 1405624864),
(249, 16, 1, 3, 1405624906),
(249, 16, 3, 3, 1405624992),
(250, 16, NULL, 1, 1405763237),
(250, 16, 1, 3, 1405763252),
(250, 16, 3, 5, 1406218090),
(251, 16, NULL, 1, 1405763256),
(251, 16, 1, 5, 1406218094),
(252, 16, NULL, 1, 1405763261),
(252, 16, 1, 5, 1406218098),
(253, 16, NULL, 1, 1405763261),
(253, 16, 1, 5, 1406218102),
(254, 16, NULL, 1, 1405763292),
(254, 16, 1, 3, 1405763306),
(254, 12, 3, 5, 1405895600),
(255, 16, NULL, 1, 1405763295),
(255, 12, 1, 5, 1405895610),
(256, 16, NULL, 1, 1405763295),
(256, 12, 1, 5, 1405895605),
(257, 12, NULL, 1, 1405895202),
(258, 12, NULL, 1, 1405895629),
(259, 16, NULL, 1, 1406218062),
(259, 16, 1, 3, 1406218083),
(260, 16, NULL, 1, 1406218139),
(260, 16, 1, 3, 1406218181),
(261, 16, NULL, 1, 1406218181),
(261, 16, 1, 5, 1406218191),
(262, 16, NULL, 1, 1406218182),
(262, 16, 1, 5, 1406218337),
(263, 16, NULL, 1, 1406218191),
(263, 16, 1, 5, 1406218341),
(264, 16, NULL, 1, 1406218193),
(264, 16, 1, 5, 1406218346),
(265, 16, NULL, 1, 1406218193),
(265, 16, 1, 5, 1406218351),
(266, 16, NULL, 1, 1406218194),
(266, 16, 1, 5, 1406218355),
(267, 16, NULL, 1, 1406218382),
(267, 16, 1, 3, 1406218403),
(267, 16, 3, 3, 1406218438),
(268, 16, NULL, 1, 1406283775),
(268, 16, 1, 3, 1406283814),
(269, 21, NULL, 1, 1406324082),
(269, 21, 1, 3, 1406326552),
(269, 21, 3, 5, 1406474440),
(270, 21, NULL, 1, 1406324298),
(270, 21, 1, 5, 1406324330),
(271, 21, NULL, 1, 1406324308),
(271, 21, 1, 5, 1406324336),
(272, 21, NULL, 1, 1406324516),
(273, 21, NULL, 1, 1406324526),
(274, 21, NULL, 1, 1406324533),
(275, 21, NULL, 1, 1406324555),
(276, 21, NULL, 1, 1406324561),
(277, 21, NULL, 1, 1406324571),
(278, 21, NULL, 1, 1406324644),
(278, 21, 1, 5, 1406324653),
(279, 21, NULL, 1, 1406324687),
(280, 21, NULL, 1, 1406324694),
(281, 21, NULL, 1, 1406324816),
(282, 21, NULL, 1, 1406324824),
(283, 21, NULL, 1, 1406324832),
(284, 21, NULL, 1, 1406324839),
(285, 21, NULL, 1, 1406324847),
(286, 21, NULL, 1, 1406324854),
(287, 21, NULL, 1, 1406324862),
(288, 21, NULL, 1, 1406324870),
(289, 21, NULL, 1, 1406324965),
(290, 21, NULL, 1, 1406324972),
(291, 21, NULL, 1, 1406324981),
(292, 21, NULL, 1, 1406324987),
(293, 21, NULL, 1, 1406324998),
(294, 21, NULL, 1, 1406325003),
(295, 21, NULL, 1, 1406325122),
(296, 21, NULL, 1, 1406325128),
(297, 21, NULL, 1, 1406325134),
(298, 21, NULL, 1, 1406325141),
(299, 21, NULL, 1, 1406325148),
(300, 21, NULL, 1, 1406325155),
(301, 21, NULL, 1, 1406325161),
(302, 21, NULL, 1, 1406325170),
(303, 21, NULL, 1, 1406325617),
(304, 21, NULL, 1, 1406325625),
(305, 21, NULL, 1, 1406325632),
(306, 21, NULL, 1, 1406325639),
(307, 21, NULL, 1, 1406325651),
(308, 21, NULL, 1, 1406325659),
(309, 21, NULL, 1, 1406325667),
(310, 21, NULL, 1, 1406325674),
(311, 21, NULL, 1, 1406325681),
(312, 21, NULL, 1, 1406325690),
(313, 21, NULL, 1, 1406325794),
(314, 21, NULL, 1, 1406325800),
(315, 21, NULL, 1, 1406325808),
(316, 21, NULL, 1, 1406325815),
(317, 21, NULL, 1, 1406325824),
(318, 21, NULL, 1, 1406325832),
(319, 21, NULL, 1, 1406325841),
(320, 21, NULL, 1, 1406325852),
(321, 21, NULL, 1, 1406325860),
(322, 21, NULL, 1, 1406325870),
(323, 21, NULL, 1, 1406325879),
(324, 21, NULL, 1, 1406325887),
(325, 21, NULL, 1, 1406325896),
(325, 12, 1, 3, 1407231770),
(326, 21, NULL, 1, 1406325904),
(326, 12, 1, 3, 1407231781),
(327, 21, NULL, 1, 1406325912),
(327, 12, 1, 3, 1407232058),
(328, 21, NULL, 1, 1406325923),
(329, 21, NULL, 1, 1406325935),
(330, 21, NULL, 1, 1406325945),
(331, 21, NULL, 1, 1406325954),
(332, 21, NULL, 1, 1406325969),
(333, 21, NULL, 1, 1406325977),
(334, 21, NULL, 1, 1406325986),
(335, 21, NULL, 1, 1406326010),
(336, 21, NULL, 1, 1406326044),
(337, 21, NULL, 1, 1406326055),
(338, 21, NULL, 1, 1406326068),
(339, 21, NULL, 1, 1406326077),
(340, 21, NULL, 1, 1406326085),
(341, 21, NULL, 1, 1406326097),
(342, 21, NULL, 1, 1406326109),
(343, 21, NULL, 1, 1406326126),
(344, 21, NULL, 1, 1406326137),
(345, 21, NULL, 1, 1406326145),
(346, 21, NULL, 1, 1406326155),
(347, 21, NULL, 1, 1406326361),
(347, 27, 1, 5, 1407750672),
(348, 21, NULL, 1, 1406326372),
(349, 21, NULL, 1, 1406326374),
(349, 21, 1, 5, 1406326381),
(350, 21, NULL, 1, 1406326389),
(351, 21, NULL, 1, 1406326395),
(352, 21, NULL, 1, 1406326402),
(353, 21, NULL, 1, 1406326408),
(354, 21, NULL, 1, 1406326414),
(355, 20, NULL, 1, 1406372693),
(355, 12, 1, 3, 1407231285),
(356, 20, NULL, 1, 1406372696),
(356, 20, 1, 5, 1406372930),
(357, 20, NULL, 1, 1406372714),
(357, 20, 1, 5, 1406372934),
(358, 20, NULL, 1, 1406372717),
(358, 20, 1, 5, 1406372941),
(359, 20, NULL, 1, 1406372963),
(359, 12, 1, 3, 1407231312),
(360, 20, NULL, 1, 1406373107),
(360, 20, 1, 5, 1406373360),
(361, 20, NULL, 1, 1406373371),
(362, 20, NULL, 1, 1406373381),
(363, 20, NULL, 1, 1406373390),
(364, 20, NULL, 1, 1406373398),
(365, 20, NULL, 1, 1406373406),
(366, 20, NULL, 1, 1406373415),
(367, 20, NULL, 1, 1406373427),
(367, 20, 1, 5, 1406373435),
(368, 20, NULL, 1, 1406373447),
(369, 20, NULL, 1, 1406373455),
(370, 20, NULL, 1, 1406373471),
(371, 21, NULL, 1, 1406374703),
(371, 21, 1, 5, 1406374713),
(372, 21, NULL, 1, 1406375143),
(372, 21, 1, 3, 1406375212),
(373, 21, NULL, 1, 1406375259),
(373, 21, 1, 3, 1406375273),
(374, 21, NULL, 1, 1406375307),
(374, 21, 1, 3, 1406375316),
(375, 21, NULL, 1, 1406375343),
(375, 21, 1, 3, 1406375356),
(375, 12, 3, 3, 1407231809),
(376, 21, NULL, 1, 1406375711),
(377, 21, NULL, 1, 1406375722),
(378, 22, NULL, 1, 1406379888),
(378, 22, 1, 5, 1406380114),
(379, 22, NULL, 1, 1406379894),
(379, 22, 1, 5, 1406379908),
(380, 22, NULL, 1, 1406380134),
(381, 22, NULL, 1, 1406380153),
(382, 22, NULL, 1, 1406380298),
(383, 22, NULL, 1, 1406380424),
(383, 22, 1, 5, 1406380608),
(384, 22, NULL, 1, 1406380488),
(384, 22, 1, 5, 1406380614),
(385, 22, NULL, 1, 1406380497),
(385, 22, 1, 5, 1406380619),
(386, 22, NULL, 1, 1406380509),
(386, 22, 1, 5, 1406380625),
(387, 22, NULL, 1, 1406380512),
(387, 22, 1, 5, 1406380630),
(388, 22, NULL, 1, 1406380517),
(388, 22, 1, 5, 1406380636),
(389, 22, NULL, 1, 1406390001),
(389, 22, 1, 3, 1406390019),
(389, 12, 3, 3, 1407232780),
(390, 22, NULL, 1, 1406390036),
(390, 22, 1, 5, 1406390048),
(391, 22, NULL, 1, 1406390068),
(391, 12, 1, 3, 1407232752),
(392, 22, NULL, 1, 1406390092),
(393, 22, NULL, 1, 1406390113),
(394, 22, NULL, 1, 1406390137),
(395, 22, NULL, 1, 1406390156),
(396, 22, NULL, 1, 1406390176),
(397, 22, NULL, 1, 1406390200),
(398, 22, NULL, 1, 1406390220),
(399, 22, NULL, 1, 1406390237),
(400, 22, NULL, 1, 1406390265),
(401, 22, NULL, 1, 1406390279),
(402, 22, NULL, 1, 1406390309),
(403, 22, NULL, 1, 1406390331),
(404, 22, NULL, 1, 1406390386),
(405, 21, NULL, 1, 1406465565),
(406, 21, NULL, 1, 1406465575),
(406, 21, 1, 5, 1406465983),
(407, 21, NULL, 1, 1406465993),
(408, 21, NULL, 1, 1406474164),
(409, 21, NULL, 1, 1406474174),
(410, 21, NULL, 1, 1406474643),
(410, 21, 1, 3, 1406474702),
(410, 12, 3, 3, 1407231494),
(411, 21, NULL, 1, 1406474655),
(411, 21, 1, 5, 1406474671),
(412, 21, NULL, 1, 1406474655),
(412, 21, 1, 5, 1406474667),
(413, 21, NULL, 1, 1406475731),
(417, 12, NULL, 1, 1407232534),
(417, 26, 1, 5, 1409564124),
(418, 12, NULL, 1, 1407233516),
(419, 12, NULL, 1, 1407233626),
(420, 12, NULL, 1, 1407233719),
(421, 27, NULL, 1, 1407750782),
(422, 27, NULL, 1, 1407750796),
(422, 27, 1, 5, 1407750804),
(423, 27, NULL, 1, 1407750866),
(424, 27, NULL, 1, 1407750881),
(425, 27, NULL, 1, 1407750893),
(426, 27, NULL, 1, 1407750911),
(427, 27, NULL, 1, 1407750926),
(428, 27, NULL, 1, 1407750941),
(429, 27, NULL, 1, 1407750957),
(430, 27, NULL, 1, 1407750972),
(431, 27, NULL, 1, 1407750988),
(432, 27, NULL, 1, 1407751004),
(432, 27, 1, 3, 1407751029),
(433, 27, NULL, 1, 1407751048),
(434, 27, NULL, 1, 1407751065),
(435, 27, NULL, 1, 1407751082),
(436, 27, NULL, 1, 1407752675),
(437, 12, NULL, 1, 1409324290),
(438, 12, NULL, 1, 1409324582),
(439, 26, NULL, 1, 1409564162),
(439, 26, 1, 3, 1409564176);

-- --------------------------------------------------------

--
-- Table structure for table `states`
--

CREATE TABLE IF NOT EXISTS `states` (
  `id` tinyint(4) NOT NULL AUTO_INCREMENT,
  `label` varchar(10) COLLATE utf8_unicode_ci NOT NULL,
  PRIMARY KEY (`id`)
) ENGINE=InnoDB  DEFAULT CHARSET=utf8 COLLATE=utf8_unicode_ci AUTO_INCREMENT=7 ;

--
-- Dumping data for table `states`
--

INSERT INTO `states` (`id`, `label`) VALUES
(1, 'created'),
(2, 'updated'),
(3, 'renamed'),
(4, 'put back'),
(5, 'deleted'),
(6, 'purged');

--
-- Constraints for dumped tables
--

--
-- Constraints for table `files`
--
ALTER TABLE `files`
  ADD CONSTRAINT `FILE_CATEGORY_ID_FKEY` FOREIGN KEY (`category_id`) REFERENCES `file_categories` (`id`) ON DELETE NO ACTION ON UPDATE CASCADE,
  ADD CONSTRAINT `FILE_STATE_ID_FKEY` FOREIGN KEY (`file_state`) REFERENCES `states` (`id`) ON DELETE NO ACTION ON UPDATE CASCADE;

--
-- Constraints for table `file_categories`
--
ALTER TABLE `file_categories`
  ADD CONSTRAINT `CATEGORY_STATE_ID_FKEY` FOREIGN KEY (`category_state`) REFERENCES `states` (`id`) ON DELETE NO ACTION ON UPDATE CASCADE;

--
-- Constraints for table `file_category_history`
--
ALTER TABLE `file_category_history`
  ADD CONSTRAINT `CATEGORY_ID_FKEY` FOREIGN KEY (`category_id`) REFERENCES `file_categories` (`id`) ON DELETE CASCADE ON UPDATE CASCADE,
  ADD CONSTRAINT `FROM_STATE_FKEY` FOREIGN KEY (`from_state`) REFERENCES `states` (`id`) ON DELETE NO ACTION ON UPDATE CASCADE,
  ADD CONSTRAINT `TO_STATE_FKEY` FOREIGN KEY (`to_state`) REFERENCES `states` (`id`) ON DELETE NO ACTION ON UPDATE CASCADE;

--
-- Constraints for table `file_history`
--
ALTER TABLE `file_history`
  ADD CONSTRAINT `FILE_HISTORY_FROM_STATE_FKEY` FOREIGN KEY (`from_state`) REFERENCES `states` (`id`) ON DELETE NO ACTION ON UPDATE CASCADE,
  ADD CONSTRAINT `FILE_HISTORY_TO_STATE_FKEY` FOREIGN KEY (`to_state`) REFERENCES `states` (`id`) ON DELETE NO ACTION ON UPDATE CASCADE,
  ADD CONSTRAINT `FILE_ID_FKEY` FOREIGN KEY (`file_id`) REFERENCES `files` (`id`) ON DELETE CASCADE ON UPDATE CASCADE;

/*!40101 SET CHARACTER_SET_CLIENT=@OLD_CHARACTER_SET_CLIENT */;
/*!40101 SET CHARACTER_SET_RESULTS=@OLD_CHARACTER_SET_RESULTS */;
/*!40101 SET COLLATION_CONNECTION=@OLD_COLLATION_CONNECTION */;
