-- phpMyAdmin SQL Dump
-- version 4.1.12
-- http://www.phpmyadmin.net
--
-- Host: hosted4db.ccf.auth.gr:3306
-- Generation Time: Oct 18, 2014 at 02:15 PM
-- Server version: 5.5.40-0ubuntu0.12.04.1
-- PHP Version: 5.4.16

SET SQL_MODE = "NO_AUTO_VALUE_ON_ZERO";
SET time_zone = "+00:00";


/*!40101 SET @OLD_CHARACTER_SET_CLIENT=@@CHARACTER_SET_CLIENT */;
/*!40101 SET @OLD_CHARACTER_SET_RESULTS=@@CHARACTER_SET_RESULTS */;
/*!40101 SET @OLD_COLLATION_CONNECTION=@@COLLATION_CONNECTION */;
/*!40101 SET NAMES utf8 */;

--
-- Database: `embryo-admin_db`
--

-- --------------------------------------------------------

--
-- Table structure for table `articles`
--

CREATE TABLE IF NOT EXISTS `articles` (
  `id` int(11) NOT NULL AUTO_INCREMENT,
  `title` varchar(160) COLLATE utf8_unicode_ci NOT NULL,
  `short_desc` varchar(1024) COLLATE utf8_unicode_ci NOT NULL,
  `long_desc` text COLLATE utf8_unicode_ci,
  `source_label` varchar(50) COLLATE utf8_unicode_ci NOT NULL DEFAULT '',
  `source_link` varchar(255) COLLATE utf8_unicode_ci NOT NULL DEFAULT '',
  `picture` varchar(60) COLLATE utf8_unicode_ci DEFAULT NULL,
  `lang_id` int(11) NOT NULL DEFAULT '1',
  `is_published` tinyint(4) NOT NULL DEFAULT '0',
  `carousel` tinyint(1) NOT NULL DEFAULT '0',
  `carousel_label` varchar(255) COLLATE utf8_unicode_ci NOT NULL DEFAULT '',
  `created_at` timestamp NOT NULL DEFAULT CURRENT_TIMESTAMP,
  `published_at` timestamp NULL DEFAULT NULL,
  PRIMARY KEY (`id`),
  UNIQUE KEY `picture` (`picture`),
  KEY `LANGUAGE_ID_FOREIGN_KEY` (`lang_id`),
  KEY `carousel` (`carousel`)
) ENGINE=InnoDB  DEFAULT CHARSET=utf8 COLLATE=utf8_unicode_ci AUTO_INCREMENT=38 ;

--
-- Dumping data for table `articles`
--

INSERT INTO `articles` (`id`, `title`, `short_desc`, `long_desc`, `source_label`, `source_link`, `picture`, `lang_id`, `is_published`, `carousel`, `carousel_label`, `created_at`, `published_at`) VALUES
(4, 'Ιταλία: Άρση της απαγόρευσης για δωρεά σπέρματος και ωαρίων από τρίτο δότη', 'Το Συνταγματικό Δικαστήριο της Ιταλίας έκρινε αντισυνταγματικό το νόμο 40 περί απαγόρευσης της χρήσης δωρητών σπέρματος και ωαρίων από τρίτο δότη και κήρυξε την άρση της απαγόρευσής του.', 'Η δικηγόρος Maria Paolo Constantini, η οποία ήταν ενάντια στην εφαρμογή του νόμου 40, υποστήριξε ότι το κοινοβούλιο θα επανεισαγάγει τους κανόνες που ήταν σε εφαρμογή πριν το νόμο. Ωστόσο, η Υπουργός Υγείας της Ιταλίας τόνισε πως το θέμα χρήζει εκτενούς συζήτησης στο κοινοβούλιο πριν εφαρμοστεί ξανά ο παλιός νόμος, καθώς προκύπτουν ζητήματα σχετικά με την ανωνυμία του δότη και το δικαίωμα του τέκνου για γνώση των φυσικών του γονέων.\n\nΟ νόμος 40 έθετε αυστηρούς περιορισμούς σε όσους επιθυμούσαν να αποκτήσουν τέκνο μέσω εξωσωματικής και τεχνητής γονιμοποίησης, ενώ απαγόρευε την θεραπεία γονιμότητας σε ομοφυλόφιλα ζευγάρια και σε ένα μόνο γονέα. Επιπροσθέτως, σε μια διάταξή του, ο νόμος απαγόρευε τον έλεγχο των εμβρύων για γενετικές ανωμαλίες προτού εμφυτευθούν. Μάλιστα, η εν λόγω διάταξη έχει ήδη κριθεί από το Ευρωπαϊκό Δικαστήριο των Δικαιωμάτων του Ανθρώπου (ΕΔΔΑ), ότι αποτελεί κατάφωρη παραβίαση της Ευρωπαϊκής Σύμβασης των Δικαιωμάτων του Ανθρώπου (ΕΣΔΑ) και συγκεκριμένα των δικαιωμάτων  του σεβασμού της οικογένειας και της ιδιωτικής ζωής.\n\nΣύμφωνα με εκτιμήσεις, το έτος 2012 περίπου 4000 στείρα ζευγάρια κατέφευγαν στο εξωτερικό με σκοπό την ανεύρεση δωρητών σπέρματος. Ο κανόνας έβαζε φραγμούς στην επιθυμία των ζευγαριών να αποκτήσουν τα δικά τους τέκνα και να τα αναθρέψουν με αγάπη.\n\nΠηγή: <a href="http://www.bionews.org.uk/page_412161.asp?dinfo=RqF5ou7gdQttN9OUTwjl11OX&PPID=412535" target="blank">BioNews</a>', '', '', 'itcourt.jpeg', 2, 1, 0, '', '2014-05-25 17:56:18', '2014-05-25 17:56:18'),
(5, 'Η.Π.Α.: Ρεκόρ στις «διαθήκες ζωής» ', 'Πρόσφατη έρευνα του Πανεπιστημίου Michigan και του Veterans Affairs Ann Arbor Healthcare System αποκαλύπτει νέο αριθμό ρεκόρ για τα αμερικανικά δεδομένα στην υιοθέτηση «προγενέστερων οδηγιών» (advance directives) και την σύνταξη «διαθηκών ζωής» (living wills) από ηλικιωμένους.', 'Οι οδηγίες αυτές γνωστοποιούν εκ των προτέρων τις επιθυμίες ενός προσώπου για την ιατρική του μεταχείριση σε περίπτωση σοβαρής βλάβης της υγείας του, η οποία θα του στερεί την ικανότητα βούλησης. Συνήθως, οι οδηγίες αναφέρονται στην υποστήριξη ή την συντήρηση λειτουργιών του οργανισμού που έχουν υποστεί βλάβες ή επιτάσσουν την αποφυγή μιας επίπονης θεραπείας ή παθητική ευθανασία. Μάλιστα, οι ασθενείς μέσω των «προγενέστερων οδηγιών» μπορούν είτε να εξουσιοδοτούν τρίτο άτομο να λάβει τις σχετικές αποφάσεις είτε να ορίζουν ευθέως την επιθυμία τους κατά το χρόνο της αδυναμίας του ενδιαφερόμενου.\r\n\r\nΗ έρευνα μαρτυρά ότι τα ποσοστά των Αμερικανών που υιοθετούν τέτοιες οδηγίες είναι εντυπωσιακά. Συγκεκριμένα, παρατηρείται σχεδόν διπλάσια αύξηση των διαθηκών ζωής σε μια δεκαετία (από το 47% το 2000 στο 72% το 2010). Ωστόσο, οι οδηγίες είχαν μικρή επιρροή όσον αφορά το βαθμό νοσηλείας των ασθενών σε νοσοκομεία.\r\n\r\n«Η αύξηση των προηγούμενων οδηγιών φανερώνει ότι οι άνθρωποι είναι εξοικειωμένοι με την έννοια του θανάτου και την αντιμετώπιση που θα ήθελαν να έχουν από τα αγαπημένα τους πρόσωπα, κατά τον κρίσιμο χρόνο της λήψης μιας σοβαρής απόφασης για την συνέχιση της ζωή τους» επισημαίνουν οι ειδικοί. Επιπλέον, στην έρευνα παρατηρήθηκε ότι οι περισσότεροι Αμερικανοί εξουσιοδοτούσαν κάποιο έμπιστο τρίτο πρόσωπο να αποφασίσει και συχνά όριζαν την επιθυμία τους. Όμως, δεν ήταν και λίγοι εκείνοι που εξουσιοδοτούσαν απλώς τρίτα άτομα, δίχως να αποκαλύπτουν τις επιθυμίες τους. Εξάλλου, η αναγνώριση σε ένα πρόσωπο της ιδιότητας να λάβει τόσο σημαντικές αποφάσεις δεν είναι τόσο δύσκολη υπόθεση όσο το να λάβει κάποιος μια απόφαση για τη ζωή του, σε προγενέστερο στάδιο, δίχως τη δυνατότητα συνεκτίμησης παραγόντων, όπως η σοβαρότητα της ασθένειας ή το ενδεχόμενο μόνιμων βλαβών.\r\n\r\nΤα ηθικά διλήμματα αναφορικά με τις «διαθήκες ζωής» πληθαίνουν. Πολλοί άνθρωποι εναντιώνονται σε αυτές για θρησκευτικούς λόγους ή εξαιτίας της ιδιοσυγκρασίας τους. Επιπροσθέτως, υπάρχουν κάποιοι που πιστεύουν ότι τέτοιες κρίσιμες αποφάσεις πρέπει να λαμβάνονται από την οικογένεια του προσώπου και συνεπώς η λύση των «διαθηκών ζωής» δεν θεωρείται απ’ αυτά τα πρόσωπα δόκιμη.\r\n\r\nΠηγή: <a href="http://www.newswise.com/articles/view/615696/?sc=rsla" target="blank">Newswise</a>\r\n', '', '', 'livingwill.jpeg', 2, 0, 0, '', '2014-05-25 17:56:18', '2014-05-25 17:56:18'),
(6, 'Καναδάς: Τρεις νόμιμοι γονείς σε ληξιαρχική πράξη γέννησης τέκνου', 'Κάτω από το μανδύα πρόσφατης νομοθεσίας, και για πρώτη φορά στην επαρχία British Columbia (Καναδάς), ένα κοριτσάκι τριών μηνών καταχωρήθηκε στο ληξιαρχείο ως τέκνο τριών γονέων. Ένα ομοφυλόφιλο ζευγάρι γυναικών που ήθελαν να αποκτήσουν παιδί, απευθύνθηκαν σε έναν φίλο τους, ο οποίος δέχτηκε να είναι ο δότης σπέρματος. Οι μητέρες επιθυμούσαν το παιδί που θα γεννηθεί να έχει και πατρικό πρότυπο, οπότε πριν τη σύλληψη αποφάσισαν να ασκούν τη γονική μέριμνα από κοινού με τον πατέρα.', 'Όμως, παρά την ανυπέρβλητη χαρά των τριών γονιών, αρκετοί είναι εκείνοι που επισημαίνουν ότι για να ληφθούν τέτοιες αποφάσεις χρειάζεται πρωτίστως να δοθεί έμφαση στο συμφέρον του τέκνου, ενώ εκφράζονται και ηθικές ανησυχίες ως προς την επίδραση του εν λόγω προτύπου οικογένειας στην ψυχική υγεία του τέκνου. \r\n\r\nΠηγή: <a href="http://www.bionews.org.uk/page_396795.asp?dinfo=RqF5ou7gdQttN9OUTwjl11OX&PPID=397105" target="blank">BioNews</a>', '', '', 'threeparent.jpeg', 2, 1, 0, '', '2014-05-25 17:56:18', '2014-05-25 17:56:18'),
(10, 'ΗΠΑ: Εντάσεις προκαλούν οι «νεκρές» ζώνες γύρω από τις κλινικές όπου πραγματοποιούνται διακοπές κύησης', 'Στο Ανώτατο Δικαστήριο των Ηνωμένων Πολιτειών της Αμερικής εξετάστηκε προσφυγή κατά ενός νόμου της Μασαχουσέτης, βάσει του οποίου δεν επιτρέπεται σε άτομα που αντιτίθενται στην πραγματοποίηση διακοπών της κύησης να διατυπώνουν τις απόψεις τους σε μια ακτίνα 35 ποδιών γύρω από τις κλινικές όπου πραγματοποιούνται οι συγκεκριμένες επεμβάσεις.', 'Ο νόμος εκδόθηκε προκειμένου να σταματήσει η χρήση βίας έξω από τις συγκεκριμένες κλινικές. Ήδη το 1994 δύο εργαζόμενοι σε αυτές είχαν σκοτωθεί από άτομα που αντιτίθενται στην διακοπή της κύησης, ενώ για πολλά χρόνια οι αρχές της Μασαχουσέτης αδυνατούσαν να θέσουν τέλος στην παρενόχληση και τη βία που ασκούνταν από τα άτομα αυτά εναντίον εκείνων που επιχειρούσαν να εισέλθουν στις κλινικές. \r\n\r\nΤο 2007 αποφασίστηκε τελικά να δημιουργηθεί με νόμο μια «νεκρή» ζώνη 35 ποδιών γύρω από τις κλινικές μέσα στην οποία δεν μπορούν πλέον οι ακτιβιστές να επεμβαίνουν προκειμένου να αποτρέψουν την είσοδο ατόμων που θέλουν να υποβληθούν σε διακοπή της κύησης ή να βοηθήσουν στην πραγματοποίησή της. \r\n\r\nΟι ακτιβιστές ισχυρίστηκαν ότι ο νόμος προσβάλλει το δικαίωμά τους στην ελευθερία του λόγου και το θέμα κρίθηκε από το Ανώτατο Δικαστήριο των Ηνωμένων Πολιτειών στα μέσα Ιανουαρίου.\r\n\r\nΠηγή: USA TODAY, 17.1.2014, p. 9A.', '', '', NULL, 2, 1, 0, '', '2014-05-25 17:56:18', '2014-05-25 17:56:18'),
(11, 'Βέλγιο: Νομιμοποίηση της ευθανασίας σε ανηλίκους', 'Το Βέλγιο έγινε από τις 13 Φεβρουαρίου 2014 η πρώτη χώρα στον κόσμο που επιτρέπει την ευθανασία σε ανηλίκους οι οποίοι πάσχουν από ανίατη νόσο σε τελικό στάδιο, αίροντας κάθε περιορισμό ηλικίας. Μετά την έγκριση από τη βελγική Σύγκλητο, το νομοσχέδιο υιοθετήθηκε και από τη Βουλή των Αντιπροσώπων, με ψήφους 86 υπέρ, 44 κατά και 12 αποχές.', 'Με βάση τον νέο νόμο, η ευθανασία επιτρέπεται σε κάθε ανήλικο ασθενή υπό τις ακόλουθες προϋποθέσεις: ο ανήλικος θα πρέπει να πάσχει από ανίατη ασθένεια ικανή να προκαλέσει το θάνατο σε σύντομο χρονικό διάστημα, να υποφέρει από διαρκείς και αφόρητους σωματικούς πόνους, που οφείλονται είτε σε πολύ σοβαρό τραυματισμό, είτε σε ανίατη παθολογική κατάσταση και να μην μπορεί η κατάστασή του να αντιμετωπιστεί με άλλο τρόπο.\r\n\r\nΟ ανήλικος θα πρέπει να έχει την ικανότητα της διάκρισης και να έχει συνείδηση κατά τη στιγμή που εκφράζει τη βούληση να διακοπεί τεχνητά η ζωή του. Η εκτίμηση αυτής της ικανότητας γίνεται κατά περίπτωση από την ιατρική ομάδα και έναν ψυχίατρο ή έναν ανεξάρτητο ψυχολόγο. Τέλος, η πρωτοβουλία του αιτήματος πρέπει να προέρχεται από τον ίδιο τον ανήλικο, ενώ οι γονείς καλούνται να δώσουν τη συναίνεσή τους. Δεν γίνεται καμία αναφορά σε περιπτώσεις ψυχικά ασθενών ανηλίκων.\r\n\r\nΚατά τη διεξαγωγή του δημοσίου διαλόγου για τις επίμαχες διατάξεις, οι πολέμιοι του νόμου εξέφρασαν τον φόβο ότι η εξέλιξη αυτή οδηγεί αναπόφευκτα στη μαζικοποίηση των αιτημάτων ευθανασίας από ανήλικους ασθενείς. Ο σοσιαλιστής γερουσιαστής Philippe Mahoux, που συγκαταλέγεται μεταξύ των συντακτών του νόμου του 2002 για τη νομιμοποίηση της ευθανασίας σε ενήλικες και χειραφετημένους ανηλίκους (άνω το 15 ετών και υπό συγκεκριμένες προϋποθέσεις), θεωρεί ότι «ήταν αναγκαίο να βρεθεί μια λύση απέναντι στις εκκλήσεις των παιδιάτρων και νοσηλευτών που βρίσκονταν καθημερινά αντιμέτωποι με παιδιά που έπασχαν από αφόρητους σωματικούς πόνους και για τα οποία δεν μπορούσαν να κάνουν τίποτα», ενώ η Φλαμανδή βουλευτής Sonja Becq διερωτάται «εάν είναι πράγματι δυνατό ένα παιδί των επτά, οχτώ ή εννιά ετών, να εκφράσει ένα απόλυτα αυτόνομο αίτημα ευθανασίας». «Ένα μωρό προφανώς και δεν έχει καμία δυνατότητα διάκρισης. Ούτε κι ένα παιδί. Όσο για τους εφήβους, ακόμα και οι ειδικοί ψυχίατροι λένε πως είναι δύσκολο, αφού πολλές φορές δεν συνειδητοποιούν πως ο θάνατος σημαίνει ότι δεν μπορούν να γυρίσουν πίσω», τονίζει η εκπρόσωπος των Χριστιανοδημοκρατών Catherine Fonck.\r\n\r\nΠηγή: <a href="http://www.lefigaro.fr/actualite-france/2014/02/13/01016-20140213ARTFIG00343-la-belgique-vote-pour-elargir-l-euthanasie-aux-mineurs.php?pagination=11" target="blank">Le Figaro</a>', '', '', NULL, 2, 0, 0, '', '2014-05-25 17:56:18', '2014-05-25 17:56:18'),
(12, 'Σουηδία: Εναλλακτική πηγή εμβρυϊκών βλαστοκυττάρων', 'H ερευνητική ομάδα των καθηγητών Κ. Tryggvason και O. Hovatta, ανέπτυξε μια νέα μέθοδο, με την οποία είναι δυνατόν να χρησιμοποιηθεί ένα από τα οκτώ κύτταρα ενός γονιμοποιημένου ωαρίου για την παραγωγή εμβρυϊκών βλαστοκυττάρων, ενώ στη συνέχεια, το γονιμοποιημένο ωάριο μπορεί να καταψυχθεί και, θεωρητικά, να εμφυτευθεί στη μήτρα της γυναίκας.', 'Μέχρι σήμερα, τα βλαστοκύτταρα παράγονται από γονιμοποιημένα ωάρια που έχουν περισσεύσει στο πλαίσιο διαδικασίας εξωσωματικής γονιμοποίησης, τα οποία και δεν μπορούν στη συνέχεια να εμφυτευθούν. Το πλεονέκτημα της νέας μεθόδου είναι ότι επιτρέπει τη δημιουργία βλαστοκυττάρων από γονιμοποιημένα ωάρια, χωρίς να επηρεάζεται η βιωσιμότητα των τελευταίων, δυνατότητα που θεωρείται σημαντική για χώρες οι οποίες δεν επιτρέπουν τη χρήση περισσευούμενου γεννητικού υλικού για παραγωγή βλαστοκυττάρων.\r\n\r\nΠηγή: <a href="http://phys.org/news/2014-01-method-embryonic-stem-cells.html" target="blank">Phys.org</a>', '', '', NULL, 2, 1, 0, '', '2014-05-25 17:56:18', '2014-05-25 17:56:18'),
(13, 'Σεούλ: Έμβρυα από ανθρώπινο δέρμα', 'Χρησιμοποιώντας ως πρώτη ύλη κύτταρα από το δέρμα δύο ενήλικων ανθρώπων, διεθνής ομάδα ερευνητών δημιούργησε έμβρυα από τα οποία απομονώθηκαν στη συνέχεια πολύτιμα βλαστοκύτταρα  -ένα επίτευγμα που φέρνει ένα βήμα πιο κοντά την παραγωγή ιστών και οργάνων κατά παραγγελία, ίσως όμως και τη γέννηση ανθρώπινων κλώνων.', 'Οι αμερικανοί και νοτιοκορεάτες ερευνητές τροποποίησαν την τεχνική της μεταφοράς πυρήνα, η οποία χρησιμοποιήθηκε το 1996 για την κλωνοποίηση του προβάτου Ντόλι και βελτιώθηκε μόλις πέρυσι στο Πανεπιστήμιο Υγείας και Επιστημών του Όρεγκον.\r\n\r\nΣτη νέα μελέτη, οι ερευνητές αφαίρεσαν τον πυρήνα με το γενετικό υλικό από 77 ωάρια και τον αντικατέστησαν με τον πυρήνα κυττάρων που είχαν ληφθεί από το δέρμα δύο ανδρών, 35 και 75 ετών. Οι περισσότερες απόπειρες απέτυχαν, δύο όμως από τα ωάρια εξελίχθηκαν σε έμβρυα, από τα οποία απομονώθηκαν πολύτιμα βλαστοκύτταρα.\r\n\r\nΤα εμβρυακά βλαστοκύτταρα μπορούν δυνητικά να χρησιμοποιηθούν για την αντιμετώπιση μιας πληθώρας ασθενειών, ακόμα και για την καλλιέργεια οργάνων στο εργαστήριο.\r\n\r\nΜέχρι σήμερα, η μέθοδος που χρησιμοποιήθηκε στη μελέτη είχε εφαρμοστεί μόνο σε κύτταρα εμβρύων, και όχι σε κύτταρα από ενήλικες όπως τώρα.\r\n\r\nΗ έρευνα δημοσιεύεται στην επιθεώρηση Cell Stem Cell.\r\n\r\nΗ μέθοδος της μεταφοράς πυρήνα (ή πυρηνικής μεταφοράς) που χρησιμοποιήθηκε στην τελευταία μελέτη είναι μία από τις τρεις γνωστές μεθόδους παραγωγής εμβρυακών βλαστοκυττάρων. Μια άλλη λύση είναι η χρήση εμβρύων που έχουν περισσέψει από κλινικές εξωσωματικής γονιμοποίησης, τεχνική η οποία έχει αποδειχθεί αμφιλεγόμενη. Η τρίτη μέθοδος, η πλέον υποσχόμενη μέχρι σήμερα, ήταν η μετατροπή απλών κυττάρων σε βλαστοκύτταρα με την εισαγωγή τριών επιπλέον γονιδίων, τεχνική που βραβεύτηκε με Νόμπελ το 2012. \r\n\r\nΠρόσφατα, μάλιστα, αμερικανοί και ιάπωνες ερευνητές ανακοίνωσαν ότι δημιούργησαν εμβρυακά βλαστοκύτταρα απευθείας από σωματικά κύτταρα χωρίς να απαιτούνται επιπλέον γονίδια. Μέχρι στιγμής όμως το πείραμα δεν έχει αναπαραχθεί από άλλες ομάδες και η μελέτη δέχεται επικρίσεις.\r\n\r\nΗ τελευταία μελέτη αφορά τη λεγόμενη θεραπευτική κλωνοποίηση, δηλαδή την κλωνοποίηση με στόχο τη λήψη εμβρυακών βλαστοκυττάρων συμβατών με οποιονδήποτε συγκεκριμένο ασθενή. Δεδομένου όμως ότι οι ερευνητές δημιούργησαν δυνητικά βιώσιμα έμβρυα, η μελέτη τους δείχνει ότι η μέθοδος της μεταφοράς πυρήνα μπορεί δυνητικά να εφαρμοστεί και για τη γέννηση κλωνοποιημένων ανθρώπων -κάτι που απαγορεύεται ρητά στις περισσότερες χώρες.\r\n\r\nΠηγή: <a href="http://www.in.gr" target="blank">in.gr</a> (21.4.2014)', '', '', 'seoul_embrya.jpg', 2, 1, 0, '', '2014-06-27 17:56:38', '2014-06-27 17:56:38'),
(14, 'Η.Π.Α.: Εμφύτευση μήτρας σε γυναίκες με σύνδρομο MRKH', 'Οι επιστήμονες του Πανεπιστημίου Wake Forest στην Βόρεια Καρολίνα σχεδίασαν και εμφύτευσαν μήτρες σε τέσσερις γυναίκες που γεννήθηκαν με σύνδρομο Mayer-Rokitansky-Kunster-Hauser. Στις γυναίκες αυτές, το εν λόγω όργανο εξέλειπε ή δεν ήταν ορθά αναπτυγμένο κατά την γέννησή τους.', 'Οι μελετητές σάρωσαν την πυελική περιοχή του κάθε ασθενή και κατασκεύασαν εξατομικευμένα καλούπια, τα οποία τα ενίσχυσαν με μυϊκά και κολπικά κύτταρα. Έπειτα, ανέπτυξαν τα προσαρμοσμένα όργανα σε έναν βιοαντιδραστήρα μέχρι τη στιγμή της εμφύτευσης στις ασθενείς. Η διαδικασία στέφθηκε με επιτυχία. Και οι τέσσερις γυναίκες ανέφεραν ότι απέκτησαν φυσιολογική σεξουαλική λειτουργία, ενώ οι επιστήμονες δεν αποκλείουν ακόμα και το ενδεχόμενο εγκυμοσύνης για τις δύο εκ των ασθενών, στις οποίες η κολπική σύνδεση στην μήτρα δεν επηρεάζεται από την αναπτυξιακή ασθένεια.\r\n\r\nΕν γένει, η επιστημονική κοινότητα παρουσιάζεται αισιόδοξη. Ωστόσο, ορισμένοι ερευνητές δείχνουν συγκρατημένοι και επισημαίνουν ότι το μονοπάτι για την ασφαλή χρησιμοποίηση τέτοιου τύπου εμφυτευμάτων αναμένεται μεγάλο και δύσβατο.\r\n\r\nΠηγή: <a href="http://www.the-scientist.com/?articles.view/articleNo/39696/title/Women-Receive-Lab-Grown-Vaginas/" target="blank">The Scientist</a> (6.5.2014)\r\n', '', '', 'usa_mitra.jpg', 2, 1, 0, '', '2014-06-27 18:02:19', '2014-06-27 18:02:19'),
(15, 'ΕΔΔΑ: Καταδίκη της Γαλλίας για υπόθεση παρένθετης μητρότητας', 'Το Ευρωπαϊκό Δικαστήριο Ανθρωπίνων Δικαιωμάτων καταδίκασε τη Γαλλία για την άρνησή της να αναγνωρίσει την πατρότητα παιδιών που γεννήθηκαν από παρένθετη μητέρα στο εξωτερικό, επιφυλασσόμενο παράλληλα να αποφανθεί επί της επιλογής των γαλλικών αρχών να απαγορεύουν την παρένθετη κύηση.', 'Στην πολυαναμενόμενη από τους υποστηρικτές της παρένθετης κύησης καταδικαστική απόφαση, το Δικαστήριο έκρινε ότι η άρνηση των αρχών να μεταγράψουν πράξεις αναγνώρισης πατρότητας που έγιναν στις ΗΠΑ, μετά τις γεννήσεις παιδιών από παρένθετες μητέρες, πλήττει την ταυτότητα των παιδιών. \r\nΤο Δικαστήριο έκρινε επίσης ότι "η πλήρης απαγόρευση δημιουργίας γονικής σχέσης ανάμεσα σε έναν πατέρα και τα βιολογικά παιδιά του αντιβαίνει" στην Ευρωπαϊκή Σύμβαση για τα Ανθρώπινα Δικαιώματα.\r\nΣτο Δικαστήριο είχαν προσφύγει δύο ζευγάρια γονέων, που δίνουν μάχες εδώ και χρόνια στα δικαστήρια για να μετεγγραφούν στο ληξιαρχείο της Γαλλίας τα πιστοποιητικά γέννησης των παιδιών τους που γεννήθηκαν από παρένθετες μητέρες στις ΗΠΑ. Και στις δύο περιπτώσεις, η σύλληψη των εμβρύων έγινε με τα σπερματοζωάρια του συζύγου και τα ωάρια δότριας. \r\n\r\nΤα δύο ζευγάρια προσέκρουσαν στις 6 του Απριλίου του 2011, σε μια απόρριψη του Ακυρωτικού Δικαστηρίου. Η ανώτατη δικαστική αρχή είχε κρίνει "αντίθετη προς τη δημόσια τάξη (...) την ξένη απόφαση (της αναγνώρισης της πατρότητας από παρένθετη κύηση), η οποία περιέχει διατάξεις που προσκρούουν στις βασικές αρχές του γαλλικού δικαίου". \r\n\r\nΜετά την αποτυχία αυτή, οι δύο οικογένειες προσέφυγαν στην ευρωπαϊκή δικαιοσύνη, επικαλούμενες διακρίσεις, παραβίαση της ιδιωτικής τους ζωής και του δικαιώματός τους να δημιουργήσουν οικογένεια. \r\n\r\nΤο Δικαστήριο έκρινε ότι η άρνηση των γαλλικών αρχών δεν τους είχε εμποδίσει να διάγουν οικογενειακό βίο "σε συνθήκες σε μεγάλο βαθμό παρόμοιες" με εκείνες των άλλων οικογενειών στη Γαλλία.\r\n\r\nΩστόσο, σύμφωνα με τους ευρωπαίους εισαγγελείς, τα παιδιά των δύο ζευγαριών βρίσκονταν "σε μια κατάσταση νομικής αβεβαιότητας", έστω κι αν στις δύο περιπτώσεις, οι γαλλικές αρχές κατέληγαν να αρνούνται να αναγνωρίσουν τη σχέση μεταξύ των παιδιών και του βιολογικού τους πατέρα.\r\n\r\nΠηγή: Newsite, 26.6.2014', '', '', 'edda_france.jpg', 2, 1, 0, '', '2014-07-15 20:27:58', '2014-07-15 20:27:58'),
(16, 'Αυστραλία: Γιατί οι γονείς επιλέγουν κορίτσια κατά την εξωσωματική γονιμοποίηση;', 'Αυξανόμενος είναι ο αριθμός των γονέων που ζητούν να επιλέξουν το φύλο του εμβρύου κατά την εξωσωματική γονιμοποίηση, με σκοπό να μειώσουν τον κίνδυνο για διάφορες ασθένειες, από καρκίνο μέχρι αυτισμό. Στατιστικά στοιχεία από μία από τις μεγαλύτερες κλινικές εξωσωματικής γονιμοποίησης στο Σύδνεϋ, δείχνουν ότι περίπου το 20% των γονέων θέλουν να επιλέξουν κορίτσια προκειμένου να μειώσουν τις πιθανότητες για αυτισμό.', 'Ειδικοί στην υποβοηθούμενη αναπαραγωγή υποστηρίζουν ότι ο αυτισμός αποτελεί μόνο την κορυφή του παγόβουνου, δεδομένου ότι πλέον, υπάρχει ένας μεγάλος αριθμός διαθέσιμων γενετικών τεστ για τα έμβρυα. Για παράδειγμα, ορισμένες κλινικές στις ΗΠΑ προσφέρουν τεστ για περισσότερους από 600 γενετικούς δείκτες.\r\n\r\nΣύμφωνα με τις κατευθυντήριες οδηγίες του National Health και Medical Research Council η επιλογή φύλου απαγορεύεται, εκτός από τις περιπτώσεις που είναι απαραίτητη για την αποφυγή «σοβαρής γενετικής ασθένειας». Παρόλα αυτά πολλά ζευγάρια Αυστραλών ταξιδεύουν σε άλλες χώρες προκειμένου να μπορέσουν να επιλέξουν το φύλο του παιδιού τους για λόγους «οικογενειακής ισορροπίας».\r\n\r\nΩστόσο, δεν υπάρχουν ξεκάθαρα όρια για το τι συνιστά μια «γενετική ασθένεια» και μια «μη γενετική ασθένεια», καθώς για πολλές καταστάσεις, όπως ο αυτισμός, υπάρχει μεν γενετική βάση αλλά δεν είναι διαθέσιμο ένα συγκεκριμένο γενετικό τεστ για τη διάγνωση.', '', '', 'aus_par_girl.jpg', 2, 1, 0, '', '2014-07-15 20:07:43', '2014-07-15 20:07:43'),
(17, 'Νόμος υπ’ αριθμ. 4272/2014 (ΦΕΚ Α’ 145/11.7.2014)', 'Προσαρμογή στο εθνικό δίκαιο της Εκτελεστικής Οδηγίας 2012/25/ΕΕ της Επιτροπής της 9ης Οκτωβρίου 2012 για τη θέσπιση διαδικασιών ενημέρωσης σχετικά με την ανταλλαγή, μεταξύ των κρατών – μελών, ανθρώπινων οργάνων που προορίζονται για μεταμόσχευση – Ρυθμίσεις για την Ψυχική Υγεία και την Ιατρικώς Υποβοηθούμενη Αναπαραγωγή και λοιπές διατάξεις.', 'Την 11η Ιουλίου 2014 δημοσιεύθηκε στο Φύλλο της Εφημερίδας της Κυβέρνησης ο Νόμος 4272/2014, με τον οποίο επέρχονται, μεταξύ άλλων, αλλαγές στο υφιστάμενο ελληνικό νομικό πλαίσιο σε σχέση με την ιατρικώς υποβοηθούμενη αναπαραγωγή. Οι σχετικές διατάξεις περιλαμβάνονται στο τρίτο κεφάλαιο του Νόμου, «Ρυθμίσεις για την ιατρικώς υποβοηθούμενη αναπαραγωγή (Ι.Υ.Α.)» και, συγκεκριμένα, στα άρθρα 14 έως 21, με τα οποία ρυθμίζονται θέματα που αφορούν στη διάρκεια της κρυοσυντήρησης του γεννητικού υλικού, στη διάθεση των γονιμοποιημένων ωαρίων και γαμετών, στον επιτρεπόμενο αριθμό διάθεσης γαμετών από τον ίδιο δότη, καθώς και ρυθμίσεις σχετικά με τις Μονάδες Ιατρικώς Υποβοηθούμενης, τις Τράπεζες Κρυοσυντήρησης και άλλα θέματα. \r\nΜεταξύ των σημαντικότερων σημείων του νέου νόμου μπορούν να επισημανθούν τα εξής:\r\n<ul>\r\n<li>Η τροποποίηση του άρθρου 8 παρ. 5 του Ν. 3305/2005, στο οποίο πλέον προβλεπεται  ότι κατά τη διάθεση γονιμοποιημένων ωαρίων και γαμετών, μεταξύ των καταβλητέων στο δότη δαπανών, οι οποίες δεν συνιστούν απαγορευμένο σύμφωνα με την παρ. 1 του άρθρου 8 του ίδιου νόμου αντάλλαγμα, περιλαμβάνονται και οι φαρμακευτικές δαπάνες πριν, κατά και μετά τη λήψη των γαμετών (άρθρο 8 παρ. 5 περ. α’ Ν. 3305/2005), καθώς επίσης και αποζημίωση του δότη για τη βιολογική καταπόνησή του (άρθρο 8 παρ. 5 περ. γ’ Ν. 3305/2005).</li>\r\n<li>Η προσθήκη νέων εδαφίων στο τέλος της παρ. 5 του άρθρου 8 του Ν. 3305/2005, με τα οποία ορίζεται ότι η καταβολή των προβλεπόμενων δαπανών και αποζημιώσεων προς τους δότες γονιμοποιημένων ωαρίων και γαμετών γίνεται από τους λήπτες προς τους ιατρούς ή τους νόμιμους εκπροσώπους της Μονάδας Ι.Υ.Α., οι οποίοι στη συνέχεια δίνουν το ποσό αυτό στους δότες – τελικούς αποδέκτες, επί τη βάσει αντίστοιχων αποδείξεων (παραστατικών), που εκδίδονται από τους ιατρούς αυτούς ή τους νομίμους εκπροσώπους των Μονάδων Ι.Υ.Α., χωρίς οποιαδήποτε δική τους φορολογική υποχρέωση.</li>\r\n<li>Η ρητή πρόβλεψη ότι οι ιατροί ή οι νόμιμοι εκπρόσωποι των Μονάδων Ι.Υ.Α. οφείλουν κατά την επιλογή των δοτών/δοτριών να ελέγχουν, μέσω του εθνικού αρχείου δοτών και ληπτών, τυχόν υπέρβαση του αριθμού των γαμετών που δύνανται να προσφέρονται προς διάθεση από ένα δότη/δότρια, όπως αυτός καθορίζεται με σχετικές αποφάσεις της Αρχής Ι.Υ.Α. (άρθρο 9 παρ. 6 Ν. 3305/2005).</li>\r\n<li>Η τροποποίηση του άρθρου 8 του Ν. 3089/2002, το οποίο πλέον ορίζει ότι στην περίπτωση εφαρμογής της μεθόδου της παρένθετης μητρότητας η προϋπόθεση της ύπαρξης κατοικίας ή προσωρινής διαμονής στην Ελλάδα πρέπει να συντρέχει είτε στο πρόσωπο της αιτούσας είτε στο πρόσωπο της γυναίκας που θα κυοφορήσει το τέκνο, σε αντίθεση με το προϊσχύον νομοθετικό καθεστώς, κατά το οποίο τόσο η αιτούσα όσο και η κυοφόρος έπρεπε να έχουν την κατοικία τους (και όχι απλώς την προσωρινή διαμονή τους) στην Ελλάδα.</li>\r\n<li>Η χορήγηση ουσιαστικότερων αρμοδιοτήτων στην Αρχή  Ι.Υ.Α. σχετικά με την ίδρυση και λειτουργία των Μονάδων Ι.Υ.Α. (άρθρο 16 του Ν. 3305/2005) και των Τραπεζών Κρυοσυντήρησης (άρθρο 17 του Ν. 3305/2005). Σύμφωνα με τις νέες διατάξεις, η Αρχή Ι.Υ.Α. είναι μόνη αρμόδια για τον καθορισμό των όρων διασύνδεσης των ιδιωτικών Μονάδων Ι.Υ.Α με νοσοκομείο του Ε.Σ.Υ. ή πανεπιστημιακό νοσοκομείο ή ιδιωτική κλινική, για τη χορήγηση άδειας λειτουργίας των Μονάδων Ι.Υ.Α. και των Τραπεζών Κρυοσυντήρησης, για την ανάκληση (προσωρινή ή οριστική) της άδειας λειτουργίας των Μονάδων Ι.Υ.Α. και των Τραπεζών Κρυοσυντήρησης κ.α.</li>\r\n<li>Η τροποποίηση του άρθρου 26 παρ. 2 του Ν. 3305/2005, με τη μετατροπή του αδικήματος της πώλησης, αγοράς, προσφοράς προς πώληση, μεσολάβησης σε αγορά ή πώληση γενετικού υλικού  (Πρβλ. τη χρήση του όρου «γενετικό υλικό», αντί του όρου «γεννητικό υλικό» που προέβλεπε η αντίστοιχη προϊσχύσα διάταξη) ή γονιμοποιημένων ωαρίων ή υλικού προερχόμενου από γονιμοποιημένα ωάρια και της απόκρυψης ή παραποίησης στοιχείων του ιατρικού φακέλου με σκοπό την πώληση γενετικού υλικού ή γονιμοποιημένων ωαρίων από κακούργημα σε πλημμέλημα, τιμωρούμενο με ποινή φυλάκισης τουλάχιστον δύο ετών, ενώ κακουργηματικής φύσης παραμένουν οι ανωτέρω πράξεις όταν ο υπαίτιος τις διαπράττει κατ’ επάγγελμα ή κατά συνήθεια (ποινή κάθειρξης μέχρι δέκα ετών).</li>\r\n</ul>', '', '', 'justice_hammer.jpg', 2, 1, 0, '', '2014-07-15 20:14:15', '2014-07-15 20:14:15'),
(18, 'ΔΕΕ: Δεν δικαιούνται άδεια μητρότητας οι κοινωνικές μητέρες', 'Κατά το Δικαστήριο της Ευρωπαϊκής Ένωσης, οι γυναίκες που απέκτησαν παιδί με τη μέθοδο της παρένθετης μητρότητας δεν δικαιούνται άδεια μητρότητας. Η σχετική υπόθεση έφτασε στο ΔΕΕ ως αίτηση  προδικαστικής αποφάσεως, στο πλαίσιο της εκδικάσεως διαφοράς μεταξύ, αφενός, της C. D., κατά νόμο μητέρας που απέκτησε τέκνο κατόπιν συμφωνίας παρένθετης μητρότητας, και, αφετέρου, του εργοδότη της S. T., οργανισμού υπαγόμενου στο National Health Service (Εθνικό Σύστημα Υγείας του Ηνωμένου Βασιλείου), με αντικείμενο την άρνηση του δεύτερου να της χορηγήσει άδεια μετ’ αποδοχών μετά τη γέννηση του τέκνου αυτού, με την αιτιολογία ότι δεν υπήρξε έγκυος και ότι το παιδί δεν είχε υιοθετηθεί.', 'Το δικαστήριο στην προδικαστική <a href="http://curia.europa.eu/juris/document/document.jsf?docid=149387&mode=req&pageIndex=1&dir=&occ=first&part=1&text=surrogacy&doclang=EL&cid=168424" target="_blank">απόφασή</a> του της 18ης Μαρτίου 2014 επί της υπόθεσης C-167/12 έκρινε ότι η <a href="http://old.eur-lex.europa.eu/LexUriServ/LexUriServ.do?uri=CELEX:31992L0085:EL:HTML" target="_blank">Οδηγία 92/85/ΕΟΚ</a> του Συμβουλίου, της 19ης Οκτωβρίου 1992, σχετικά με την εφαρμογή μέτρων που αποβλέπουν στη βελτίωση της υγείας και της ασφάλειας κατά την εργασία των εγκύων, λεχώνων και γαλουχουσών εργαζομένων έχει σχεδιαστεί μόνο για να βοηθήσει τις εργαζόμενες που είχαν γεννήσει πρόσφατα. Πιο συγκεκριμένα, θεώρησε ότι «εργαζόμενη η οποία έχει την ιδιότητα κατά νόμο μητέρας που απέκτησε τέκνο κατόπιν συμφωνίας παρένθετης μητρότητας δεν εμπίπτει στο πεδίο εφαρμογής του άρθρου 8 της οδηγίας 92/85…τα κράτη μέλη δεν υποχρεούνται να προβλέπουν την υποχρεωτική χορήγηση δικαιώματος για άδεια μητρότητας δυνάμει του εν λόγω άρθρου στην εργαζόμενη αυτή. Εντούτοις, πρέπει να προστεθεί ότι η οδηγία 92/85, όπως προκύπτει ιδίως από την πρώτη αιτιολογική σκέψη της, έχει ως αντικείμενο τον καθορισμό ορισμένων ελάχιστων απαιτήσεων όσον αφορά την προστασία κατά την εργασία των εγκύων, λεχώνων ή γαλουχουσών εργαζομένων».\nΠρόσθεσε ωστόσο ότι «η οδηγία αυτή ουδόλως αποκλείει τη δυνατότητα των κρατών μελών να θεσπίζουν ή να εφαρμόζουν ευνοϊκότερες νομοθετικές, κανονιστικές ή διοικητικές διατάξεις για την προστασία της ασφάλειας και της υγείας των κατά νόμο μητέρων που έχουν αποκτήσει τέκνο κατόπιν συμφωνίας παρένθετης μητρότητας, παρέχοντάς τους τη δυνατότητα να λάβουν άδεια μητρότητας λόγω της γεννήσεως του τέκνου αυτού».\n Ως εκ τούτου, σύμφωνα με το νομοσχέδιο για τα Παιδιά & τις Οικογένειες, από το 2015 οι Βρετανίδες που μεγαλώνουν παιδιά γεννημένα με τη διαδικασία της παρένθετης μητρότητας θα έχουν το δικαίωμα άδειας μετ’ αποδοχών. Όπως δήλωσε σχετικά η δικηγόρος Vanessa Hogan, «Οι πρόοδοι στην ιατρική τεχνολογία τα τελευταία χρόνια έχουν κάνει τις συμφωνίες για παρένθετη μητρότητα πιο συχνές. Οι αποφάσεις αυτές δείχνουν ότι οι νόμοι που συντάχθηκαν πριν από δύο ΔΕΕαετίες δεν έχουν μεριμνήσει για τέτοιες εξελίξεις. Τα καλά νέα για τις οικογένειες σε αυτή την κατάσταση είναι ότι οι αλλαγές που εισήγαγε το νομοσχέδιο για τα Παιδιά & τις Οικογένειες θα διευκολύνουν στο μέλλον τους γονείς που σκοπεύουν να κάνουν συμφωνία για παρένθετη μητρότητα στο να αποκτήσουν πρόσβαση σε άδεια υιοθεσίας και να μοιραστούν τη γονική άδεια».\n\nΠηγή: <a href="http://www.theguardian.com/money/2014/mar/18/surrogacy-mothers-maternity-leave-european-court" target="_blank">THE GUARDIAN</a>', '', '', 'baby_girl.jpg', 2, 1, 0, 'Κατά το ΔΕΕ, οι γυναίκες που απέκτησαν παιδί με τη μέθοδο της παρένθετης μητρότητας δεν δικαιούνται άδεια μητρότητας.', '2014-07-15 20:15:15', '2014-07-15 20:15:15');
INSERT INTO `articles` (`id`, `title`, `short_desc`, `long_desc`, `source_label`, `source_link`, `picture`, `lang_id`, `is_published`, `carousel`, `carousel_label`, `created_at`, `published_at`) VALUES
(19, 'Νέα τεχνική εξωσωματικής υπόσχεται «ξύπνημα» των ωαρίων', 'Επιστήμονες στη Βρετανία -μεταξύ των οποίων δύο Έλληνες- χρησιμοποίησαν με επιτυχία μια νέα ασφαλέστερη μέθοδο για να διεγείρουν ορμονικά τις ωοθήκες των γυναικών, που είχαν καταφύγει σε υποβοηθούμενη αναπαραγωγή, και να προκαλέσουν έτσι ωορρηξία, δηλαδή την απελευθέρωση ώριμων ωαρίων. Η νέα τεχνική ελαχιστοποιεί τον κίνδυνο υπερδιέγερσης των ωοθηκών και τις πιθανές -ακόμη και μοιραίες- επιπλοκές.', 'Ήδη δώδεκα μωρά γεννήθηκαν από μητέρες που, προκειμένου να ωριμάσουν τα ωάριά τους, είχαν κάνει ένεση της φυσικής ορμόνης κισπεπτίνης, αντί της συνήθως χρησιμοποιούμενης ανθρώπινης χοριακής γοναδοτροπίνης (hCG), μιας άλλης ορμόνης που είναι πιθανότερο να προκαλέσει υπερδιέγερση των ωοθηκών.\n\nΟι ερευνητές του τμήματος Ιατρικής του Imperial College του Λονδίνου, με επικεφαλής τον καθηγητή Γουόλτζιτ Ντίλο, που έκαναν τη σχετική δημοσίευση στο περιοδικό κλινικών ερευνών &quot;Journal of Clinical Investigation&quot;, σύμφωνα με το BBC και τη βρετανική «Ιντιπέντεντ», δοκίμασαν τη νέα μέθοδο σε 53 υγιείς εθελόντριες στο νοσοκομείο «Χάμερσμιθ» της βρετανικής πρωτεύουσας. Μεταξύ των ερευνητών βρίσκονταν οι Αλέξανδρος Κομνηνός (Ιατρική Imperial) και Γεώργιος Χριστόπουλος (Μονάδα Εξωσωματικής Χάμερσμιθ).\n\nΟι γυναίκες έκαναν μόνο μια ένεση κισπεπτίνης, η οποία επέφερε την ωρίμαση των ωαρίων σε 51 από τις 53 γυναίκες. Στις 49 γυναίκες επιτεύχθηκε εξωσωματική γονιμοποίηση των ωαρίων, τα οποία στη συνέχεια μεταφέρθηκαν στην μήτρα, ώσπου τελικά 12 γυναίκες έμειναν έγκυες - ένα καλό ποσοστό σε σχέση με την παραδοσιακή μέθοδο εξωσωματικής γονιμοποίησης.\n\nΟι επιστήμονες θα συνεχίσουν με μεγαλύτερες κλινικές δοκιμές, κατ'' αρχήν μεταξύ γυναικών που πάσχουν από σύνδρομο πολυκυστικών ωοθηκών και οι οποίες αντιμετωπίζουν τον μεγαλύτερο κίνδυνο για να εμφανίσουν σύνδρομο υπερδιέγερσης των ωοθηκών (υπερδιογκώνονται αρκετές φορές περισσότερο από το φυσιολογικό μέγεθός τους). Το σύνδρομο αυτό εμφανίζεται περίπου στο ένα τρίτο των γυναικών που καταφεύγουν σε ορμονοθεραπεία για συμβατική εξωσωματική γονιμοποίηση, συνήθως με σχετικά ήπια συμπτώματα όπως ναυτία και εμετούς. Όμως, στο 5% έως 10% των περιπτώσεων μπορεί να εμφανιστούν και σοβαρότερες δυνητικά θανατηφόρες επιπτώσεις, όπως βλάβη στα νεφρά.\n\nΌπως δήλωσε ο Γουόλτζιτ Ντίλο, «το σύνδρομο υπερδιέγερσης των ωοθηκών είναι ένα μείζον ιατρικό πρόβλημα. Μπορεί να αποβεί μοιραίο σε σοβαρές περιπτώσεις και παρουσιάζεται σε γυναίκες που κάνουν θεραπεία για εξωσωματική και οι οποίες, κατά τα άλλα, είναι πολύ υγιείς. Χρειαζόμαστε πραγματικά πιο αποτελεσματικούς και φυσικούς τρόπους για να ενεργοποιούμε την ωρίμαση των ωαρίων στη διάρκεια της θεραπείας για εξωσωματική και τα αποτελέσματα της δοκιμής με κισπεπτίνη είναι πολύ υποσχόμενα».\n\nΗ κισπεπτίνη, η οποία ανακαλύφθηκε επίσης από βρετανούς ερευνητές το 2003, είναι μια φυσική ορμόνη που ενεργοποιεί την παραγωγή άλλων αναπαραγωγικών ορμονών στο σώμα της γυναίκας. Αντίθετα, με την χοριακή γοναδοτροπίνη, η οποία παραμένει στο αίμα για πολύ καιρό μετά την ένεση, η κισπεπτίνη διασπάται πιο γρήγορα, πράγμα που ελαχιστοποιεί τον κίνδυνο υπερδιέγερσης των ωοθηκών.\n\nΣτο μέλλον, οι νέες δοκιμές θα συγκρίνουν απευθείας την ασφάλεια και αποτελεσματικότητα της χρησιμοποίησης των δύο διαφορετικών ορμονών, της κισπεπτίνης και της χοριακής γοναδοτροπίνης.\n\n«Πρόκειται για μια ενδιαφέρουσα έρευνα, που εντοπίζει ένα πρόσθετο νέο φάρμακο, το οποίο θα μπορούσε να κάνει ακόμη πιο ασφαλή την εξωσωματική γονιμοποίηση, που είναι ήδη μια ασφαλής διαδικασία», δήλωσε ο καθηγητής Ντέηβιντ Άνταμσον, εκ μέρους της Διεθνούς Ομοσπονδίας Εταιρειών Γονιμότητας. «Κι άλλες αποτελεσματικές στρατηγικές για την αποφυγή του συνδρόμου υπερδιέγερσης των ωοθηκών ήδη δοκιμάζονται κλινικά και το νέο φάρμακο (σ.σ. η κισπεπτίνη) θα πρέπει να περάσει μέσα από μεγάλες κλινικές δοκιμές για να επιβεβαιώσει την αποτελεσματικότητα, ασφάλεια και ισοδυναμία του με άλλα φάρμακα που σήμερα χρησιμοποιούνται», πρόσθεσε.\n', 'ΕΘΝΟΣ ΟnLine', 'http://www.ethnos.gr/article.asp?catid=22768&amp;subid=2&amp;pubid=64039626', 'pregnant.jpg', 2, 1, 0, '', '2014-07-27 09:03:44', '2014-07-21 09:05:01'),
(20, 'Αρνήθηκαν να πάρουν παιδί από παρένθετη μητέρα επειδή είχε σύνδρομο Down', 'Την ευαισθητοποίηση πλήθους κόσμου έχει προκαλέσει η ιστορία ενός βρέφους έξι μηνών με σύνδρομο Down, το οποίο έφερε στον κόσμο μια παρένθετη μητέρα από την Ταϊλάνδη. Το ζευγάρι Αυστραλών που είχε συμφωνηθεί να το πάρει το εγκατέλειψε όταν έμαθε πως ήταν άρρωστο, χωρίζοντάς το από τη δίδυμη αδελφούλα του.', 'Αν και κατέβαλε το ποσό των περίπου 9.000 ευρώ, όπως είχε συμφωνηθεί, προκειμένου να αποκτήσει τα δίδυμα που κυοφορούσε η 21χρονη Pattharamon Janbua, το ζευγάρι τελικά δέχτηκε να παραλάβει μόνο το υγιές κοριτσάκι, αφήνοντας στην παρένθετη μητέρα το αγοράκι, με το όνομα Γκάμι, που εκτός από το σύνδρομο Down αντιμετώπιζε και επιπλοκές στην υγεία του.\n\nΌπως δήλωσε η 21χρονη, η οποία είναι παντρεμένη και έμεινε έγκυος με εξωσωματική γονιμοποίηση, κατά τον πέμπτο μήνα της εγκυμοσύνης της ενημερώθηκε ότι ένα από τα έμβρυα είχε διαγνωστεί με σύνδρομο Down. Όταν οι γιατροί ενημέρωσαν το ζευγάρι από την Αυστραλία για το γεγονός, εκείνοι ζήτησαν από τη μητέρα να προχωρήσει σε άμβλωση.«Δεν συμφώνησα γιατί το θεωρώ αμαρτία», δήλωσε η Pattharamon Janbua στο πρακτορείο Fairfax, επισημαίνοντας πως η άμβλωση αντίκειται στα βουδιστικά τους «πιστεύω».\n\nΗ μητέρα δεν συνάντησε ποτέ από κοντά το ζευγάρι καθώς η υιοθεσία έγινε μέσω ενός πρακτορείου παρένθετης μητρότητας στην Μπανγκόκ.\n\n«Ο άντρας μου συμφώνησε καθώς έχουμε πολλά χρέη και επειδή δεν χρειαζόταν να κάνω σεξ με έναν άλλο άντρα», δήλωσε η γυναίκα κατά τη συνέντευξη.\nΤην υπόθεση έφερε στη δημοσιότητα μια ταϊλανδέζικη εφημερίδα, η οποία μάλιστα ξεκίνησε καμπάνια «μια ελπίδα για τον Γκάμπι» προκειμένου να συγκεντρώσει χρήματα για μια σειρά εγχειρήσεων στις οποίες πρέπει να υποβληθεί το βρέφος καθώς πάσχει από μια καρδιακή πάθηση.\n\nΗ εφημερίδα επισήμανε ότι το παιδί εγκαταλείφθηκε από την οικογένειά του στα χέρια της παρένθετης μητέρας του η οποία δεν έχει την οικονομική δυνατότητα να πληρώσει τη νοσηλεία που έχει ανάγκη το παιδί.\n\nΣύμφωνα με την Telegraph, μέχρι στιγμής έχουν συγκεντρωθεί περισσότερα από 35.000 ευρώ για τα νοσήλια του παιδιού.\n', 'ΕΘΝΟΣ On Line', '', 'syndromo_down.jpg', 2, 1, 0, '', '2014-08-04 17:10:24', '2014-08-04 17:28:12'),
(21, 'Ισπανία: το Υπουργείο Δικαιοσύνης διευκολύνει την εγγραφή στο Ληξιαρχείο των τέκνων που γεννιούνται στο εξωτερικό από παρένθετη μητέρα', 'Η πρώτη επίσημη αντίδραση στην από 26 Ιουνίου 2014 καταδίκη της Γαλλίας από το Ευρωπαϊκό Δικαστήριο των Δικαιωμάτων του Ανθρώπου (Υπόθεση Mennesson κατά Γαλλίας και Υπόθεση Labassée κατά Γαλλίας) για την άρνηση των γαλλικών Αρχών να εγγράφουν στο Ληξιαρχείο τα τέκνα που γεννιούνται στο εξωτερικό από παρένθετη μητέρα ήρθε από την όμορη Ισπανία.', 'Το Υπουργείο Δικαιοσύνης δεσμεύτηκε δημόσια να επιταχύνει τη διαδικασία τροποποίησης της σχετικής νομοθεσίας προκειμένου να επιτρέπεται η εγγραφή των συγκεκριμένων τέκνων στα δημόσια μητρώα. Ταυτόχρονα, ο Υπουργός Δικαιοσύνης, Alberto Ruiz-Gallardon, ανέλαβε την υποχρέωση να απευθύνει Εγκύκλιο στις προξενικές Αρχές της Ισπανίας επισημαίνοντας την υποχρέωσή τους να εγγράφουν στα ληξιαρχεία τα τέκνα που γεννιούνται στο εξωτερικό από παρένθετη μητέρα.\n \nΣύμφωνα με δημοσίευμα της εφημερίδας El Pais, η απόφαση αυτή ερείδεται στο κενό δικαίου και τη σοβαρή πιθανότητα ανιθαγένειας με τα οποία βρίσκονται αντιμέτωπα τα τέκνα που γεννιούνται στο εξωτερικό από πατέρα ισπανό υπήκοο και παρένθετη μητέρα. Η αβεβαιότητα αυτή και η ανασφάλεια δικαίου τις οποίες φιλοδοξεί να θεραπεύσει με την επίμαχη ρύθμιση το Υπουργείο Δικαιοσύνης πηγάζουν από την απαγόρευση του Νόμου 14/2006, της 26ης Μαΐου, σχετικά με τις Τεχνικές της υποβοηθούμενης ανθρώπινης αναπαραγωγής, ο οποίος στο άρθρο 10 προβλέπει την αυτοδίκαιη ακυρότητα κάθε σύμβασης υποκατάστατης μητρότητας.\n \nΗ Γενική Διεύθυνση Μητρώων και Συμβολαιογράφων του Υπουργείου Δικαιοσύνης είχε επιχειρήσει και στο παρελθόν να διευθετήσει το εν λόγω ζήτημα, με την από 5 Οκτωβρίου 2010 Οδηγία της σχετικά με το καθεστώς εγγραφής στα μητρώα των τέκνων που γεννιούνται από υποκατάστατη μητέρα, καθορίζοντας τα κριτήρια βάσει των οποίων τα γεννηθέντα μέσω της τεχνικής αυτής τέκνα θα αποκτούσαν πρόσβαση στα ισπανικά ληξιαρχικά μητρώα.\n  \nΗ ανωτέρω Οδηγία, ωστόσο, ακυρώθηκε στην πράξη από την από 6 Φεβρουαρίου 2014 αριθ. 835/2013 απόφαση του Πρώτου πολιτικού τμήματος του Ανώτατου Δικαστηρίου, σύμφωνα με την οποία η νομοθεσία της 26ης Μαΐου 2010 σχετικά με τις Τεχνικές της υποβοηθούμενης ανθρώπινης αναπαραγωγής απαγορεύει ρητά κάθε σύμβαση υποκατάστατης μητρότητας και, ως εκ τούτου, υπαγορεύει την άρνηση εγγραφής στα μητρώα κάθε τέκνου που γεννιέται στο εξωτερικό με τη μέθοδο αυτή.\n \nΤο θολό αυτό τοπίο δεσμεύτηκε να ξεδιαλύνει το Υπουργείο Δικαιοσύνης με το από 9 Ιουλίου 2014 Δελτίο Τύπου του, εκφράζοντας τη βούλησή του να διευθετήσει το ζήτημα όσο το δυνατό γρηγορότερα, με γνώμονα πάντα το βέλτιστο συμφέρον του παιδιού.\n', 'Δελτίο Τύπου ισπανικού Υπουργείου Δικαιοσύνης, El ', 'http://politica.elpais.com/politica/2014/07/03/actualidad/1404415792_455988.html', 'alquilado.jpg', 2, 1, 0, '', '2014-08-07 14:44:48', '2014-08-08 19:23:16'),
(22, 'Ιταλία: Γεννήθηκαν τα δίδυμα «με τέσσερις γονείς»', 'Γεννήθηκαν σε κλινική λίγο έξω από την Ρώμη στις 3 Αυγούστου τα «δίδυμα με τέσσερις γονείς», αναφέρει στην ηλεκτρονική της πύλη η εφημερίδα La Stampa.', 'Πρόκειται για την υπόθεση που είχε απασχολήσει έντονα την Ιταλία τους περασμένους μήνες: στο νοσοκομείο Σάντρο Περτίνι της Ρώμης, τον Δεκέμβριο του 2013 , κατά την διάρκεια διαδικασίας εξωσωματικής γονιμοποίησης, οι γιατροί είχαν κάνει πρωτοφανές λάθος. \n\n«Οι γιατροί του νοσοκομείου μπέρδεψαν τα έμβρυα. Στη μήτρα της γυναίκας Α, τοποθετήθηκε το έμβρυο που προοριζόταν για την γυναίκα Β, και το αντίστροφο» γράφει ο ιταλικός Τύπος.\n\nΣτην πρώτη γυναίκα, η εμφύτευση του «λάθος εμβρύου» δεν ήταν επιτυχής, ενώ η δεύτερη άρχισε να κυοφορεί και μαζί με τον σύζυγό της έκανε γνωστή την πρόθεσή της να κρατήσει τα δίδυμα και να ολοκληρώσει την εγκυμοσύνη. \n\nΌπως αποκαλύπτεται την Παρασκευή από την Stampa, γέννησε πριν πέντε ημέρες.\n\n«Τα παιδιά μας είναι καλά, είναι ένα αγοράκι και ένα κοριτσάκι. Γεννήθηκαν σε κλινική λίγο έξω από την Ρώμη και κανένας δεν θα μπορέσει να μας τα στερήσει» τονίζει το ζευγάρι σε δήλωση προς την εφημερίδα του Τορίνο.\n\nΤο έτερο ζευγάρι, «οι βιολογικοί γονείς», έχουν προσφύγει στη Δικαιοσύνη ζητώντας να παγώσει η όλη διαδικασία εγγραφής του νεογέννητου στο ληξιαρχείο της Ρώμης, η οποία, όμως, από ότι φαίνεται, ολοκληρώθηκε ήδη σε χρόνο ρεκόρ.\n\nΚαι τα δυο ζευγάρια, πάντως, έχουν ζητήσει αποζημίωση εκατομμυρίων ευρώ από το νοσοκομείο Σάντρο Περτίνι, το οποίο, όπως προέκυψε από τις έως τώρα έρευνες ευθύνεται για το πρωτοφανές αυτό λάθος.\n', 'ΤΟ ΒΗΜΑ, 08-08-2014', 'http://www.tovima.gr/world/article/?aid=621804', 'twins4parents.jpg', 2, 1, 0, '', '2014-08-11 20:47:16', '2014-08-11 20:52:46'),
(23, 'Ηνωμένο Βασίλειο: Perimortem ανάκτηση γαμετών', 'Το 2010, στις ΗΠΑ, η μητέρα ενός 21χρονου θύματος επίθεσης που υπέκυψε στα τραύματά του διεκδίκησε δικαστικά το δικαίωμα να ανακτήσει το σπέρμα του προκειμένου να το αξιοποιήσει μελλοντικά με τη μέθοδο της υποκατάστατης μητρότητας.', 'Το συγκεκριμένο γεγονός αποτέλεσε αντικείμενο μελέτης και προβληματισμού.  Η Anna Smajdor, ερευνήτρια στον τομέα της βιοϊατρικής ηθικής στο Πανεπιστήμιο του East Anglia του Ηνωμένου Βασιλείου, εκθέτει στο άρθρο της «Peri-mortem ανάκτηση γαμετών: θα έπρεπε να μας απασχολεί η συναίνεση;»  τους κινδύνους που εγκυμονεί η περιθανάτια ανάκτηση γεννητικού υλικού, όταν αυτή πραγματοποιείται χωρίς τη συναίνεση του δότη.\n \nΗ perimortem ανάκτηση γαμετών προϋποθέτει τη χειρουργική εξαγωγή των γαμετών που μπορεί στη συνέχεια να κρυοσυντηρηθούν και αποθηκευθούν για μελλοντική χρήση και, συνήθως, το αίτημα υποβολής στην ιατρική αυτή διαδικασία γίνεται από το/τη σύντροφο του δότη αμέσως μετά το γεγονός εκείνο το οποίο προκάλεσε την απώλεια της ικανότητάς του να συναινέσει στη διαδικασία.\n \nΣυγκεκριμένα, η συγγραφέας υποστηρίζει ότι μπορεί η πρακτική αυτή να επιτρέπει στον επιζώντα σύντροφο να πραγματοποιήσει την επιθυμία του να αποκτήσει τέκνο με το σύντροφό του μετά το θάνατο του, ωστόσο ο προβληματισμός που ευλόγως εγείρεται εν προκειμένω αφορά στον τρόπο με τον οποίο θα μπορούσε να διασφαλιστεί η συναίνεση του δότη στην αναπαραγωγική διαδικασία. \n\nΟι θέσεις της ερευνήτριας θα μπορούσαν εν συντομία να συνοψισθούν στα ακόλουθα τρία σημεία: \n\nΚαταρχήν, υποστηρίζεται ότι οι προεκτάσεις του ζητήματος της perimortem ανάκτησης γαμετών είναι πολλές και δεν αφορούν μόνο στο παιδί και το συμφέρον του, αλλά και σε άλλα πολύ σημαντικά ζητήματα, όπως αυτό της μεταμόσχευσης οργάνων, το κληρονομικό δικαίωμα κ.ά.\n \nΕπίσης, η τεκμαιρόμενη συναίνεση ενέχει πολλούς κινδύνους. Η ανάκτηση γαμετών είναι μια αρκετά επεμβατική χειρουργική τεχνική, πολλώ δε μάλλον όταν επιχειρείται σε ασθενή που είναι κοντά στο θάνατο ή έχει ήδη πεθάνει. Για το λόγο αυτό, δε θα έπρεπε να τεκμαίρεται η συναίνεση του «δότη» επί τη βάση αποκλειστικά και μόνο της εκφρασθείσας στο παρελθόν βούλησής του να αποκτήσει παιδιά.\n \nΤέλος, η επιθυμία απόκτησης παιδιού δεν αποτελεί επαρκή αιτιολογική βάση. Σύμφωνα με τη συγγραφέα, είναι αδύνατο να συναχθεί συναίνεση από την επιθυμία της γυναίκας να αποκτήσει ένα παιδί. «Οι αποφάσεις των ζευγαριών σχετικά με την αναπαραγωγή δε θεμελιώνονται απαραιτήτως σε συμμετρικές επιθυμίες. […] Είναι παρακινδυνευμένο και άδικο οι αναπαραγωγικές επιθυμίες ενός εκ των δύο συντρόφων να αντανακλώνται στον άλλο. Πολλώ δε μάλλον όταν ο ασθενής δε είναι σε θέση να εκφράσει την αντίθεσή του».\n', 'Journal of Medical Ethics', 'http://jme.bmj.com/content/early/2014/07/03/medethics-2013-101727?papetoc', 'postmortem_gamete_retrieval.jpg', 2, 1, 0, '', '2014-08-11 21:07:52', '2014-08-11 21:10:16'),
(24, 'Αυτοκτόνησε ερευνητής των «εύκολων» βλαστοκυττάρων', 'Η έρευνα που αρχικά θεωρήθηκε επανάσταση αποδείχθηκε λίγο μετά ότι ήταν προϊόν εξαπάτησης της επιστημονικής κοινότητας', 'Ήταν μια «επαναστατική ανακάλυψη» που σύντομα εξελίχθηκε σε μείζον σκάνδαλο: Οι ερευνητές που ισχυρίστηκαν τον περασμένο Ιανουάριο ότι ανακάλυψαν μια γρήγορη και εύκολη μέθοδο για την παραγωγή πολυδύναμων βλαστοκυττάρων αναγκάστηκαν να αποσύρουν τις μελέτες τους όταν διαπιστώθηκε στη συνέχεια ότι η έρευνα αποτελούσε ένα προϊόν εξαπάτησης της επιστημονικής κοινότητας. Οι ερευνητές είχαν κάνει σοβαρά λάθη, είχαν οικειοποιηθεί δεδομένα άλλων ερευνών και είχαν προχωρήσει ακόμη και σε... photoshop για να στηρίξουν τα αποτελέσματα των πειραμάτων τους. Φυσικά η μελέτη τελικά αποσύρθηκε και οι μετέχοντες σε αυτή έγιναν αντικείμενο εξαιρετικά δυσμενών σχολίων από τους συναδέλφους τους σε όλο τον κόσμο. \n\nΈνας από τους συμμετέχοντες στην έρευνα και πιο συγκεκριμένα ένας από τους επιβλέποντες ο Γιοσίκι Σασάι αυτοκτόνησε. Όπως ανακοίνωσαν οι αστυνομικές αρχές της Ιαπωνίας ο επιστήμονας απαγχονίστηκε και η έρευνα που διεξήχθη απέκλεισε την πιθανότητα εγκληματικής ενέργειας.\n', 'ΤΟ ΒΗΜΑ, 06-08-2014', 'http://www.tovima.gr/science/medicine-biology/article/?aid=621214', 'suicide_scient.jpg', 2, 1, 0, '', '2014-08-11 21:16:56', '2014-08-11 21:21:40'),
(25, 'Ιταλία: Νεότερη ενημέρωση για την δικαστική απόφαση για την υπόθεση των διδύμων «με τέσσερις γονείς»', 'Οι «γενετικοί γονείς» των νεογνών που δημιουργήθηκαν με χρήση του δικού τους γεννητικού υλικού, το οποίο μεταφέρθηκε, από λάθος, στη μήτρα άλλης γυναίκας  απευθύνθηκαν στο Δικαστήριο της Ρώμης, αιτούμενοι να υποχρεωθεί το αντίδικο ζευγάρι, η γυναίκα του οποίου κυοφορούσε τα «παιδιά τους», να τους γνωστοποιήσει τον τόπο όπου θα λάμβανε χώρα η γέννηση, καθώς επίσης και να τους ανατεθεί η επιμέλεια των νεογνών και να διαταχθούν οι αρμόδιες αρχές να συντάξουν τη ληξιαρχική πράξη γέννησης των νεογνών αναγράφοντας ως γονείς τους αιτούντες. ', 'Η υπόθεση συζητήθηκε πέντε ημέρες μετά τη γέννηση των παιδιών και, για το λόγο αυτό, οι αιτούντες μετέτρεψαν το αίτημά τους στο ακροατήριο, ζητώντας να απομακρυνθούν τα νεογνά από το έτερο ζευγάρι και, επικουρικά, να αναγνωρισθεί το δικαίωμα επικοινωνίας των αιτούντων με αυτά.\n\nΤο Δικαστήριο της Ρώμης (Prima Sezione Civile), με την από 8.8.2014 απόφασή του, απέρριψε την αίτηση του ζευγαριού. Σύμφωνα με το σκεπτικό της δικαστή Silvia Albano, οι ισχύοντες κανόνες του ιταλικού δικαίου σε σχέση με την ίδρυση της συγγένειας, επέβαλαν να αναγνωρισθούν ως νόμιμοι γονείς των παιδιών η γυναίκα που τα έφερε στον κόσμο και ο σύζυγός της. Περαιτέρω, κατά το Δικαστήριο, περίπτωση έγερσης ζητήματος συνταγματικότητας για τους εν λόγω κανόνες δε συνέτρεχε εν προκειμένω, καθώς αυτό θα ήταν αντίθετο με το συμφέρον των ανηλίκων για σταθερότητα του «status» τους και  με το δικαίωμά τους να ζήσουν με τη νόμιμη - σύμφωνα με το ισχύον δίκαιο - οικογένειά τους. \n\nΣε κάθε περίπτωση, όπως χαρακτηριστικά αναφέρεται στο σκεπτικό του Δικαστηρίου, «παραμένει το ανθρώπινο δράμα των αιτούντων που απευθύνθηκαν στο νοσοκομείο για να ικανοποιήσουν το δικαίωμά τους στην αναπαραγωγή και στη δημιουργία οικογένειας, το οποίο ωστόσο θα μπορέσει να αντιμετωπισθεί μόνο με την καταβολή αποζημίωσης».\n\n', 'Αναλυτικότερη παρουσίαση της υπόθεσης', 'http://repro.law.auth.gr/news/22', 'sandro_pertini.jpg', 2, 1, 0, '', '2014-08-27 13:00:19', '2014-08-27 13:07:48');
INSERT INTO `articles` (`id`, `title`, `short_desc`, `long_desc`, `source_label`, `source_link`, `picture`, `lang_id`, `is_published`, `carousel`, `carousel_label`, `created_at`, `published_at`) VALUES
(26, 'Μπορούν οι γονείς να ανήκουν στο ίδιο φύλο;', 'Ο μπαμπάς και ο μπαμπάς - Ο Ρόμπερτ (αριστερά) και ο Μάικλ είναι αχώριστοι την τελευταία 16ετία. Πριν από μερικά χρόνια ένιωσαν την ανάγκη να αποκτήσουν παιδιά με παρένθετη μητέρα – πρώτα ήρθε στον κόσμο η Εϊβερι και ακολούθησαν τα δίδυμα Στούαρτ και Ρόις. Οπως αφηγείται το ζευγάρι στο «Le Figaro Magazine», «δεν φανταζόμασταν ποτέ ότι θα ήμασταν σε θέση να αποκτήσουμε παιδιά».', 'Φεβρουάριος 2014\nΤο γαλλικό «Le Figaro Magazine» δημοσιεύει άρθρο-ρεπορτάζ με τίτλο «Τα μωρά των 150.000 δολαρίων», στο οποίο παρουσιάζεται, μεταξύ άλλων, η ιστορία ενός ζευγαριού από τη Νότια Καλιφόρνια, του 44χρονου Ρόμπερτ και του 38χρονου Μάικλ, οι οποίοι μεγαλώνουν μαζί τα τρία παιδιά που απέκτησαν με τη συνδρομή παρένθετης μητέρας. Αναζητώντας μια αντίστοιχη «ελληνική» περίπτωση, οδηγηθήκαμε συμπτωματικά στην ίδια Πολιτεία, μέσω Αθήνας.\n\nΙούλιος 2014\nΟ τρίχρονος Λίο και ο εξάχρονος αδελφός του Ανρί κάνουν τραμπάλα στην πλατεία Δεξαμενής στο Κολωνάκι. Με κάποια διαλείμματα, βέβαια, για να ακούσουν ξανά και ξανά το «Frozen» στο iPad του daddy ή για να παίξουν με το iPhone του papa. Daddy είναι ο 51χρονος Γιάννης (γιος ελλήνων μεταναστών στις ΗΠΑ) και papa είναι ο 46χρονος γαλλοαμερικανός σύντροφός του, Φρεντ. Μια πλήρης ομογονεϊκή οικογένεια, «γαλουχημένη» στην προοδευτική Καλιφόρνια, παραθερίζει για λίγες εβδομάδες στην Ελλάδα της κρίσης, όπου τα κοινωνικά μοντέλα ανατρέπονται με μια πρωτόγνωρη βιαιότητα. «Εδώ, όμως, κανείς ακόμη δεν διανοείται ότι είμαστε οι δύο μπαμπάδες των αγοριών» γελάει ο Γιάννης που θέλησε να μιλήσει στο BHmagazino, σε μια εθελοντική προσπάθεια «αποδραματοποίησης» των διαφορετικών μορφών οικογένειας (σήμερα στις ΗΠΑ 3 εκατομμύρια LGBT Αμερικανοί - Λεσβίες, Ομοφυλόφιλοι, Αμφισεξουαλικοί και Τρανσέξουαλ - έχουν αποκτήσει παιδί, ενώ συνολικά 6 εκατομμύρια παιδιά και ενήλικοι έχουν έναν LGBT γονιό.\n\n«Οταν μας βλέπουν στην παιδική χαρά, θεωρούν ότι είμαστε φίλοι ή αδέλφια. Γι'' αυτό δεν δεχόμαστε περίεργες ερωτήσεις ή λοξά βλέμματα, δεν πάει καν το μυαλό τους!». «Οχι τα βρώμικα χέρια στο στόμα!» φωνάζει ο εμφανώς πιο προστατευτικός Φρεντ στα αγόρια. «Ασ'' τους, δεν κάνουν τίποτα» του λέει καθησυχαστικά ο σύντροφός του. Γελάς, ανακλαστικά σχεδόν, με τους (συχνούς) γονεϊκούς διαπληκτισμούς τους: η τόσο οικεία κατανομή ρόλων χωρίς τα στεγανά του φύλου. Αμφότεροι σχολιάζουν πόσο ελάχιστα kid-friendly είναι η Αθήνα: «Ούτε παιδικά μενού ούτε παιδικά καρεκλάκια στα εστιατόρια...». \n\nΗ ανάγκη να είσαι γονιός\n«Ημασταν μαζί δύο χρόνια όταν πρότεινα στον Φρεντ να αποκτήσουμε δικά μας παιδιά. Για μένα ήταν μια έντονη βιολογική ανάγκη, πάντα ήθελα να γίνω πατέρας» εξηγεί ο Γιάννης την επιλογή του να αποκτήσει οικογένεια με τον νόμιμο σύζυγό του (παντρεύτηκαν πριν από δέκα χρόνια με σύμφωνο συμβίωσης). «Στα ομόφυλα ζευγάρια είναι μια απόλυτα συνειδητή απόφαση, δεν προκύπτει από κάποιο λάθος στο πίσω κάθισμα ενός αυτοκινήτου. Δεν είναι κάτι που κάνεις με ευκολία. Είναι τόσο πολλά τα εμπόδια που καλείσαι να υπερκεράσεις, βιολογικά, νομικά, κοινωνικά, που δεν μπορεί παρά να θέλεις αυτό το παιδί όσο τίποτε άλλο. Διαβάσαμε πολύ, μιλήσαμε με πολύ κόσμο (κυρίως ζευγάρια γκέι ανδρών και γυναικών που το είχαν ήδη αποτολμήσει), συμβουλευτήκαμε ειδικούς. Χρειάστηκε βεβαίως και γνωμάτευση από ψυχίατρο για την καταλληλότητά μας να γίνουμε γονείς. Πιστέψτε με, δεν θα αποφασίζαμε να αποκτήσουμε παιδιά αν δεν ήμασταν απολύτως βέβαιοι ότι θα είχαν μαζί μας μια απολύτως φυσιολογική ζωή».\n\n Ο Γιάννης και ο Φρεντ μιλούν για το δαιδαλώδες ταξίδι τους προς την ομογονεϊκότητα. Ξεκίνησε με την πρόσληψη του εξειδικευμένου, συστημένου από φίλους, δικηγόρου που θα αναλάμβανε τον εντοπισμό της παρένθετης μητέρας.\nΑκολούθησε η εξέταση των προφίλ και η τετ α τετ συνάντηση (υπό μορφήν ενός casual, διερευνητικού δείπνου) με καθεμία από τις υποψήφιες. «Ο δικηγόρος μας είπε ότι το μόνο που θα πρέπει να μας απασχολεί είναι η ικανότητά της να αποκτήσει υγιή παιδιά, όχι η εμφάνισή της ή ο δείκτης νοημοσύνης της. Γι'' αυτό ήταν απαραίτητη η προϋπόθεση να έχει ήδη τουλάχιστον άλλο ένα παιδί» εξηγεί ο Φρεντ. «Εχεις, βέβαια, στη διάθεσή σου και κάποιες βασικές πληροφορίες για αυτή τη γυναίκα, για παράδειγμα το ιατρικό ιστορικό της. Αν θέλεις, μπορείς να το διερευνήσεις περισσότερο, εμείς επιλέξαμε να μην το κάνουμε. Κάτι που επίσης χρειάζεται να λάβεις υπ'' όψιν είναι το κίνητρο της συμμετοχής της σε όλη αυτή τη διαδικασία. Πρέπει να είναι διττό: και αλτρουιστικό (η επιθυμία να βοηθήσει ένα γκέι ζευγάρι να αποκτήσει παιδί) αλλά και οικονομικό (να έχει ανάγκη τα χρήματα), έτσι ώστε όταν έρθει η ώρα να μη δυσκολευτεί να παραδώσει το παιδί». Αυτός ήταν άλλωστε και ο λόγος για τον οποίο οι ίδιοι απέρριψαν τη λύση της υιοθεσίας. «Είχαμε ακούσει τόσες ιστορίες φρίκης. Ενα ζευγάρι φίλων, έπειτα από δύο ολόκληρα χρόνια αναμονής, είδε τη βιολογική μητέρα να αλλάζει γνώμη την τελευταία στιγμή». \n\nΤο κόστος της οικογένειας\nΗ γυναίκα που τελικώς επέλεξαν (μια τυπική, μεσοαστή Αμερικανίδα, νοσοκόμα στο επάγγελμα) υποβλήθηκε σε τεχνητή γονιμοποίηση σε μια κλινική, κάμποσες ώρες πτήση από την Καλιφόρνια, στο Μέριλαντ (διότι εκεί έτυχε να έχει την έδρα του ο δικηγόρος). Με δικά της ωάρια, τη μία φορά με σπέρμα του Γιάννη, την άλλη με σπέρμα του Φρεντ: «Αυτό σημαίνει ότι ο ένας γιος μας είναι βιολογικά &quot;δικός μου&quot; και ο άλλος γιος μας είναι βιολογικό παιδί του Γιάννη. Αλλά και ότι μεταξύ τους τα δύο παιδιά είναι ετεροθαλή αδέλφια. Επομένως, όλη η οικογένειά μας είναι βιολογικά συνδεδεμένη». Διατηρούν καλές σχέσεις με την παρένθετη μητέρα («Τη θαυμάζουμε για αυτό που έκανε»), αν και παραδέχονται ότι είναι μάλλον ψυχολογικά &quot;βολικό&quot; το ότι τυχαίνει να ζει στο άλλο άκρο της χώρας. Κάθε δύο, τρεις μήνες τής στέλνουν κάποιο μήνυμα και φωτογραφίες του Λίο και του Ανρί, εκείνη πάλι στέλνει κάρτες στα γενέθλια των παιδιών. Αμφότεροι υπογραμμίζουν το πολυδάπανο της διαδικασίας: «Δεν είναι τυχαίο ότι το αποτολμούν μόνο λίαν ευκατάστατα ζευγάρια ομοφυλοφίλων».\n\nΤο αναλυτικό κοστολόγιο είχε ως εξής: παρένθετη μητέρα 25.000 δολάρια (σε περίπτωση που κυοφορούσε δίδυμα, η αμοιβή της θα ανέβαινε κατά 30%), έξοδα δικηγόρων 40.000 δολάρια, λοιπά έξοδα (αεροπορικά εισιτήρια, ξενοδοχεία, ιατρικές εξετάσεις, ιατρική παρακολούθηση της κυήσεως κ.τ.λ.) 25.000 δολάρια. Η διαδικασία για την απόκτηση του πρώτου παιδιού κόστισε δηλαδή συνολικά 90.000 δολάρια (για το δεύτερο, μόλις 75.000 δολάρια καθότι, με ήδη έτοιμο το ογκωδέστατο συμβόλαιο, η αμοιβή του δικηγόρου συρρικνώθηκε). Σύμφωνα, πάντως, με το προαναφερθέν άρθρο του «Le Figaro Magazine», για τις κατά παραγγελίαν κυήσεις στην Καλιφόρνια, δεν είναι λίγες οι φορές που το συνολικό κόστος μπορεί να αγγίξει τις 150.000 δολάρια (110.000 ευρώ). \n\nΚαλιφόρνια, η γη της ομογονεϊκότητας\nΟι «νεοφώτιστοι» papa και daddy βίωσαν πρωτόγνωρες στιγμές στην αίθουσα τοκετών (ο Φρέντι ήταν μάλιστα εκείνος που έκοψε τον ομφάλιο λώρο). Θυμούνται, όμως, πάντα και την πρώτη νύχτα με τον πρωτότοκο, τον Ανρί, στο σπίτι: «Κάθε δέκα λεπτά κοιτάζαμε αν αναπνέει! Κάποια στιγμή που φτερνίστηκε, ήμασταν πεπεισμένοι ότι το μωρό ήταν σοβαρά άρρωστο». Στο πιστοποιητικό γεννήσεως θα αναγραφούν τα ονόματα και των δύο μπαμπάδων (ως «γονιός 1» και «γονιός 2», σε αντικατάσταση των «παρωχημένων» πλέον «πατέρας» και «μητέρα»). Είναι, ως εκ τούτου, και οι δύο νομικά κατοχυρωμένοι, ισότιμοι γονείς των παιδιών τους (αφού προηγουμένως ο καθένας υιοθέτησε τον βιολογικό γιο του άλλου), «καθότι στην Καλιφόρνια ο νόμος είναι πάνω από τους δεσμούς αίματος». Οι ίδιοι παραδέχονται ότι όλο αυτό δεν θα μπορούσε να είχε λάβει χώρα σε μια λιγότερο προοδευτική Πολιτεία (δεν πας, για παράδειγμα, στο Τέξας ή στη Βόρεια Καρολίνα να κηρύξεις  τις εναλλακτικές μορφές οικογένειας).\n\nΣήμερα στην Καλιφόρνια ζουν 28.000 παντρεμένα ομόφυλα ζευγάρια (ήταν από τις πρώτες Πολιτείες που νομιμοποίησαν τον Ιούνιο του 2008 τον γάμο μεταξύ ατόμων του ιδίου φίλου, παρά τις πλείστες νομικές επιπλοκές που ακολούθησαν), ενώ περισσότερα από 70.000 παιδιά ανατρέφονται από γκέι γονείς. «Η Καλιφόρνια έχει μακρά ιστορία στην προστασία των δικαιωμάτων των γκέι πολιτών της» τονίζει ο Ελληνοαμερικανός Γιάννης. «Είμαστε, βέβαια, αναγκαστικά εγκλωβισμένοι στις μεγαλουπόλεις, λίγο πιο έξω ή σε μια μικρή κωμόπολη είναι ακόμη αρκετά συντηρητικά τα πράγματα. Στο Λος Αντζελες και στο Σαν Φρανσίσκο, όμως, δεν υπάρχουν διακρίσεις, αντιθέτως η κοινωνία είναι απόλυτα δεκτική πλέον στη διαφορετικότητα. Βλέπουν δύο άνδρες στο πάρκο με ένα παιδί και ξέρουν ότι είναι μια οικογένεια. Οι δε στρέιτ οικογένειες είναι ιδιαίτερα υποστηρικτικές απέναντί μας. Μας έκανε εντύπωση πρόσφατα που πήγαμε να γράψουμε τα παιδιά σε ένα ιδιωτικό σχολείο. Σχεδόν μας παρακαλούσαν! Μας έλεγαν: &quot;Επιζητούμε το διαφορετικό. Θέλουμε παιδιά μαύρων, παιδιά γκέι, παιδιά λεσβιών, θέλουμε μονογονεϊκές οικογένειες...&quot;».\n\nΑυτό, βέβαια, ακόμη και στην Καλιφόρνια, δεν σημαίνει ότι έχει εξαλειφθεί κάθε στερεότυπο σχετικά με την καταλληλότητα ενός ζευγαριού ομοφυλοφίλων να μεγαλώσει τα δικά του παιδιά. «Ακόμη και στον δικό μας εργασιακό χώρο, που τυγχάνει ιδιαίτερα προοδευτικός», λένε ο Γιάννης και ο Φρεντ (αμφότεροι μηχανικοί/ερευνητές σε αμερικανικό πανεπιστήμιο), «έχουν υπάρξει κατά καιρούς διάφορα απρόοπτα. Αιφνιδιάζεσαι πραγματικά όταν καθηγητής με διδακτορικό από το Στάνφορντ γυρίζει και σε ρωτάει: &quot;Δεν σας απασχολεί μήπως τα παιδιά σας γίνουν ομοφυλόφιλοι;&quot;. Ο άνθρωπος αυτός δεν ήταν σε θέση να αντιληφθεί ότι κατέκρινε όχι μόνο εμάς, αλλά και τον τρόπο με τον οποίο μεγαλώνουμε τα παιδιά μας. Η απάντηση που του δώσαμε ήταν στο ίδιο ύφος: &quot;Ξέρουμε πολλούς γκέι και όλοι τους είχαν στρέιτ γονείς&quot;».\n\nΣτρέιτ αλήθειες για τους γκέι γονείς\nΗ έρευνα γύρω από την ομογονεϊκότητα (gay parenting) μετρά αισίως τέσσερις δεκαετίες και έχει καταρρίψει πολλές από τις προκαταλήψεις και τις αγκυλώσεις, κυρίως όσον αφορά την ανατροφή και την ψυχοσυναισθηματική ανάπτυξη των παιδιών που μεγαλώνουν σε αυτές τις οικογένειες (ειδικότερα σε ό,τι αφορά θέματα σεξουαλικής ταυτότητας και κοινωνικών σχέσεων με τους συνομηλίκους τους). Σε πρόσφατο άρθρο του στους «Los Angeles Times», o Μπραντ Σίαρς, επικεφαλής του Williams Project on Sexual Orientation Law and Public Policy της Νομικής Σχολής του UCLA, υπογραμμίζει εκ νέου ότι από τις πλέον πρόσφατες έρευνες δεν έχει προκύψει κανένα ουσιαστικό στοιχείο που να υποδηλώνει διαφορές ανάμεσα στα παιδιά που ανατρέφονται από ομοφυλόφιλους γονείς και στα παιδιά των ετεροφυλόφιλων. Σύμφωνα με την πλέον έγκυρη μελέτη που εξέδωσε το 2002 η Επιτροπή της Αμερικανικής Ακαδημίας Παιδιατρικής για τις Ψυχολογικές Διαστάσεις της Υγείας του Παιδιού και της Οικογένειας: «Συγκριτικά με τους ετεροφυλόφιλους, οι ομοφυλόφιλοι μπαμπάδες φέρονται να είναι πιο αυστηροί σε θέματα πειθαρχίας, να δίνουν προτεραιότητα στην καθοδήγησή τους και στην ανάπτυξη των γνωστικών τους ικανοτήτων και να εμπλέκονται περισσότερο στις καθημερινές δραστηριότητες των παιδιών τους».\n\n«Η αντίληψη ότι τα παιδιά που μεγαλώνουν από γκέι γονείς... υποφέρουν είναι παντελώς αβάσιμη» γράφει ο  Σίαρς. «Στην πραγματικότητα, αυτό που προκύπτει από τα νεότερα δεδομένα είναι ότι η μόνη ουσιαστική διαφορά ανάμεσα στα παιδιά των ομόφυλων και ετερόφυλων ζευγαριών είναι ότι τα πρώτα αισθάνονται πιο ελεύθερα να πειραματιστούν με ασχολίες και συμπεριφορές, χωρίς να παρεμποδίζονται από τους παραδοσιακούς ρόλους του φύλου, κάτι μάλλον εξαιρετικά θετικό». Ο Σίαρς παραδέχεται την ανάγκη περαιτέρω χαρτογράφησης της ομογονεϊκότητας (οι σχετικές έρευνες εξακολουθούν να βρίσκονται σε πρώιμο στάδιο, αρκετές μάλιστα εξ αυτών είναι σκόπιμα μεροληπτικές, είτε υπέρ είτε κατά) αλλά καταλήγει ότι «ένα είναι σαφές: οι περισσότεροι αντικειμενικοί παρατηρητές δεν βρίσκουν κανέναν απολύτως λόγο να αποδεχτούν την αντίληψη ότι τα παιδιά χρήζουν προστασίας από τους γκέι γονείς. Αυτό σημαίνει ότι είναι πλέον καιρός να σταματήσει το όργιο θεωριών ότι τα ζευγάρια ομοφύλων δεν μπορούν να μεγαλώσουν παιδιά ή ότι δεν τα μεγαλώνουν σωστά».\n\nΟι ρόλοι των γονιών\nΕσχάτως, το ενδιαφέρον των ερευνητών μετατοπίζεται σταδιακά σε άλλα θέματα, π.χ. στο πώς γίνεται ο καταμερισμός των ρόλων και των εργασιών σε αυτές τις οικογένειες. Ο Φρέντι αντλεί από την εμπειρία του δικού του «ανορθόδοξου» σπιτιού: «Δεν έχουμε τους διακριτούς, παραδοσιακούς ρόλους, τον &quot;μητρικό&quot; και τον &quot;πατρικό&quot;, αντιθέτως, τους εναλλάσσουμε διαρκώς, συμπληρώνοντας ο ένας τον άλλον. Ο καθένας από τους δυο μας αναλαμβάνει ρόλους στα πεδία όπου είναι πιο δυνατός, για παράδειγμα ο Γιάννης έχει αναλάβει τον τομέα της πειθαρχίας. Οσο για την αναπόφευκτη &quot;στρέιτ&quot; ερώτηση που μας κάνουν επανειλημμένως, &quot;Τι γίνεται με την απουσία του θηλυκού προτύπου στη ζωή των παιδιών σας;&quot;, απαντάμε ότι εκτός από την νταντά, που έχει αναλάβει τη φροντίδα του σπιτιού και των αγοριών, υπάρχουν πλείστες ακόμη γυναίκες στην καθημερινότητά μας: δασκάλες, φίλες, θείες, γιαγιάδες κ.ο.κ. Αυτό που γενικά προσπαθούμε είναι να κρατάμε τα πράγματα σε μια ισορροπία. Γι'' αυτό φροντίζουμε να &quot;εκθέτουμε&quot; τα παιδιά μας σε διαφορετικά μοντέλα οικογένειας, με γονείς στρέιτ, γκέι, σινγκλ κ.ο.κ.».\n\nΣημειωτέον ότι μελέτη που δημοσιεύτηκε τον περασμένο Μάιο στην αμερικανική επιθεώρηση «Proceedings of the National Academy of Sciences» κατέδειξε ότι άνδρες και γυναίκες (ανεξαρτήτως σεξουαλικού προσανατολισμού) που γίνονται για πρώτη φορά γονείς εμφανίζουν αξιοσημείωτες εγκεφαλικές μεταβολές που σχετίζονται με τη νέα τους ιδιότητα. Διεθνής ομάδα ερευνητών, με επικεφαλής τη Ρουθ Φέλντμαν, καθηγήτρια στο Τμήμα Ψυχολογίας του ισραηλινού Πανεπιστημίου Μπαρ - Ιλάν και του Τμήματος Μελέτης του Παιδιού του αμερικανού Γέιλ, μελέτησαν την εγκεφαλική λειτουργία 89 γονιών - ετεροφυλόφιλων και ομοφυλόφιλων - το πρώτο διάστημα του νέου τους ρόλου. Οι γυναίκες που γίνονταν για πρώτη φορά μητέρες εμφάνισαν πολύ πιο έντονη δραστηριότητα (σχεδόν πενταπλάσια) από ό,τι οι πατέρες στην περιοχή της αμυγδαλής του εγκεφάλου τους, εκεί δηλαδή όπου γίνεται η επεξεργασία των συναισθημάτων και του φόβου (εξ ου και η διαρκής εγρήγορσή τους για το παραμικρό σήμα κινδύνου από μέρους του παιδιού). Οι μπαμπάδες, από την άλλη, εμφάνιζαν μεγαλύτερη δραστηριότητα σε μια άλλη πλευρά του εγκεφάλου (στην άνω κροταφική αύλακα), η οποία ως επί το πλείστον εμπλέκεται σε λογικές δραστηριότητες σχετικές με την κοινωνική αλληλεπίδραση (π.χ. το «διάβασμα» των διαφορετικών εκφράσεων στο πρόσωπο του μωρού).\nΗ έρευνα, όμως, κατέδειξε πως όταν οι άνδρες αναλαμβάνουν τον βασικό ρόλο της ανατροφής των παιδιών, αρχίζουν να ενεργοποιούνται ταυτόχρονα και οι δύο περιοχές του (λίαν εύπλαστου) εγκεφάλου τους, δηλαδή και η «πατρική» και η «μητρική». Αυτή ακριβώς η ενεργοποίηση λαμβάνει χώρα στον εγκέφαλο και των ομοφυλόφιλων ανδρών που γίνονται για πρώτη φορά γονείς (έτσι, και ο γκέι μπαμπάς λαγοκοιμάται και θα ακούσει αμέσως αν το μωρό παραπονεθεί κατά τη διάρκεια της νύχτας).   \n\nΓκέι μπαμπάδες, μόνοι, ψάχνουν\n«Papaaa!», διακόπτει ο τρίχρονος Λίο, με τα γαλάζια μάτια και την απρόσμενα ενήλικη φωνή. «Ο Ανρί δεν μου δίνει κι εμένα το iPad...». Ο Φρεντ κοιτάζει στοργικά τον γιο του, αφήνοντας την αδελφική διαφορά να λυθεί από μόνη της. Κάποιες άλλες διαφορές, πάλι, όπως το χάσμα στο νομοθετικό πλαίσιο για τους γονείς του ιδίου φύλου στην Ελλάδα (ο μη βιολογικός γονιός παραμένει νομικά παντελώς ανοχύρωτος) θα χρειαστούν ακόμη πολύ χρόνο για να πάρουν τον δρόμο τους. Ο Γιάννης θυμάται γελώντας τις αντιδράσεις των ελλήνων γονιών του στην ανακοίνωση ότι θα αποκτήσει με τον σύντροφό του παιδί: «Η μητέρα μου ήταν σε κατάσταση σοκ, έψαχνε απελπισμένα να σκαρφιστεί μια πειστική ιστορία να πει στους γείτονες. Ο πατέρας, πάλι, μου δήλωσε: &quot;Αν το κάνετε αυτό, να μην πατήσετε ξανά το πόδι σας στην Ελλάδα!&quot;. Ολα αυτά, βέβαια, έληξαν όταν αντίκρισε για πρώτη φορά το παιδί. Δύο χρόνια αργότερα μου έλεγε: &quot;Μπράβο, έκανες πολύ καλή δουλειά&quot;». Και σε αυτήν, όμως, την επίσκεψή του στην Ελλάδα ο Γιάννης πήρε μια γεύση της εγχώριας, λίαν ομοφοβικής γραφειοκρατίας, θύματα της οποίας, υπογραμμίζει, έχουν πέσει πολλά φιλικά του γκέι ζευγάρια Ελληνοαμερικανών: «Πήγα σε μια συμβολαιογράφο προκειμένου να μεταβιβάσω στα παιδιά την εδώ ακίνητη περιουσία μου και με πληροφόρησε ότι είναι απαραίτητο να υπογράψει και η μητέρα των παιδιών. Οταν της εξήγησα ότι μητέρα δεν υφίσταται και ότι στο πιστοποιητικό γεννήσεως των παιδιών υπάρχουν τα ονόματα δύο μπαμπάδων, δεν ήξερε τι να μου πει». \nΟ Γιάννης και ο Φρέντι δεν κρύβουν τους φόβους τους για το μέλλον («Στα παιδιά έχουμε βέβαια εξηγήσει τα πράγματα, δεν ξέρουμε όμως πώς θα αντιδράσουν όταν μεγαλώσουν και συνειδητοποιήσουν τη δομή της οικογένειάς μας» ή «Πώς τα θωρακίζεις απέναντι στον αρνητισμό εκείνων που επιμένουν στην άρνησή τους να καταλάβουν;» κ.ο.κ.). Για την ώρα όμως είναι πολύ απασχολημένοι με το να μεγαλώνουν δύο αεικίνητα αγόρια. Με τις τόσο οικείες γονεϊκές ενοχές, με τη γνωστή γονεϊκή γκρίνια («Είναι πάντα τόσο δύσκολο να βρεις λίγο χρόνο για τον εαυτό σου»), με ξενύχτια, παιδικά πάρτι, πρώτα δόντια, πρώτες μέρες στο σχολείο, πρώτες ματαιώσεις, αγωνίες, σφιχτές αγκαλιές, με έναν βιολογικό και ψυχικό δεσμό τόσο συνταρακτικό, που ποδοπατά κάθε δική σου αίσθηση εαυτού. «Το μόνο που με έχει κουράσει πια είναι ότι κάθε φορά πρέπει να εξηγώ» λέει ο Φρέντι. «Ενώ κανείς δεν ρωτάει όταν βλέπει έναν άνδρα και μια γυναίκα με ένα παιδί». Ισως τελικά η διεκδίκηση από τους ομοφυλόφιλους του δικαιώματος σε μια ολοκληρωμένη οικογένεια να είναι πάνω από όλα μια αφορμή η γονεϊκότητα να ανιχνεύσει κι άλλο τους ορίζοντές της, απελευθερωμένη από τον (κατά πολλούς υπερτιμημένο) ρόλο του φύλου.\n\nΑντριου Σόλομον: «H αγάπη συγκροτεί την οικογένεια»\nO γνωστός δημοσιογράφος, συγγραφέας (το τελευταίο του αιρετικό βιβλίο «Far From the Tree» για τους γονείς με διαφορετικά παιδιά κέρδισε πληθώρα βραβείων και στις δύο πλευρές του Ατλαντικού) και gay activist Αντριου Σόλομον, πατέρας ο ίδιος τεσσάρων παιδιών, μίλησε αποκλειστικά στο ΒHmagazino για το δικό του τρικυμιώδες ταξίδι στην ομογονεϊκότητα.\n\nΠοιος ήταν ο μεγαλύτερος φόβος όταν γίνατε γονιός; Υπήρξαν στιγμές που αμφιβάλατε για την απόφασή σας; «Για πολλά χρόνια ο μεγάλος φόβος μου ήταν ότι τα παιδιά που θα προέκυπταν από μια ομοφυλόφιλη σχέση θα πέρναγαν δύσκολα. Τι θα έλεγαν όταν θα τους ρωτούσαν οι φίλοι τους στο σχολείο; Θα γίνονταν αντικείμενα χλευασμού; Οταν όμως πέρασε ο καιρός, συνειδητοποίησα ότι αυτό που χρειάζονται τα παιδιά είναι η αγάπη, ότι όλα τα παιδιά νιώθουν για τον έναν ή τον άλλο λόγο άβολα για τους γονείς τους και ότι η αύξηση των ομογονεϊκών οικογενειών είναι σαφής ένδειξη της σταδιακής απομάκρυνσης του κοινωνικού στίγματος που περιέβαλλε τις οικογένειες αυτές στο παρελθόν. Υποθέτω ότι ο δικός μου φόβος συνίστατο πρωτίστως στο ότι δεν θα τα αγαπούσα αρκετά, ότι θα έβρισκα εξαιρετικά βαρετό τον ρόλο του γονιού. Σημειωτέον ότι μέχρι που απέκτησα τα παιδιά μου δεν είχα ιδέα τι σημαίνει γονεϊκή αγάπη. Αυτό που νιώθω σήμερα είναι ότι αξίζει να κάνεις τα πάντα για αυτά, αξίζει να κονταροχτυπηθείς με οποιαδήποτε προκατάληψη, αξίζει να πάρεις τις πιο ανατρεπτικές αποφάσεις. H σχέση μου μαζί τους είναι στην πραγματικότητα η χαρά της ζωής μου».\n\nΕδώ και τέσσερις δεκαετίες οι γκέι οικογένειες βρίσκονται κάτω από τον μεγεθυντικό φακό κοινωνιολόγων, αναπτυξιολόγων, ψυχολόγων. Εσείς που βρίσκεστε στην εμπροσθοφυλακή του gay activism, ποια εποχή πιστεύετε ότι διανύει σήμερα η ομογονεϊκότητα; «Ενώ μεγάλωνα ένιωθα ότι αργά ή γρήγορα θα βρισκόμουν ενώπιον ενός αβάσταχτου διλήμματος. Είτε να είμαι αληθινός με τον εαυτό μου και να ζήσω ανοιχτά ως γκέι είτε να αποκτήσω οικογένεια. Η προοπτική μιας ψεύτικης ζωής με εμένα να παριστάνω τον στρέιτ μού φαινόταν βέβαια αδιανόητη, η προοπτική όμως του να μην αποκτήσω ποτέ παιδιά ήταν τραγική. Σήμερα πλέον έχω την τύχη να ζω σε έναν κόσμο όπου η ομογονεϊκότητα δεν αποτελεί περίεργο είδος. Οταν ο γιος μας ο Τζορτζ (σ.σ.: ο βιολογικός γιος του με τον σύντροφό του Τζον Χάμπικ – παρένθετη μητέρα ήταν μια λεσβία φίλη του ζεύγους) πήγε στο προνήπιο, είχε δύο ακόμη συμμαθητές με γκέι γονείς. Εχω, παρ’ όλα αυτά, επίγνωση ότι ζω σε έναν ιδιαίτερο κόσμο, ότι αυτές οι ελευθερίες που εγώ απολαμβάνω είναι πολυτέλεια για πολλούς ομοφυλόφιλους και αυτό είναι κάτι που με θλίβει βαθύτατα. Σήμερα, πράγματι, πολλές έρευνες επιβεβαιώνουν ότι τα παιδιά των γκέι γονέων δεν έχουν περισσότερα (ούτε λιγότερα) προβλήματα από τα παιδιά των ετεροφυλόφιλων ζευγαριών. Ευελπιστώ ότι οδεύουμε προς μια εποχή όπου η επιλογή δύο ομοφυλόφιλων να αποκτήσουν παιδιά δεν θα νοείται ως κάτι “εξωτικό”, προς μια εποχή όπου κανείς δεν θα αναγκαστεί να τεθεί ενώπιον ενός τόσο αβάσταχτου διλήμματος».\n\nΕχετε δηλώσει ότι η ομοφυλοφιλία ήταν η δική σας μύηση στη διαφορετικότητα και την περιθωριοποίηση. Εσείς πώς εφοδιάζετε τα παιδιά σας ώστε να αντεπεξέλθουν στις προκαταλήψεις αλλά και στην ομοφοβική γραφειοκρατία που είναι πολύ πιθανό να συναντήσουν ως «διαφορετικά» παιδιά δύο γκέι μπαμπάδων; «Σαφώς αντιλαμβάνομαι ότι θα έρθουν αργά ή γρήγορα αντιμέτωπα με τη σκληρότητα του κόσμου αλλά και επιπλέον, ως τέκνα γκέι γονέων, με την αποτρόπαιη ομοφοβία που υπάρχει εκεί έξω. Βέβαια, θύματα διακρίσεων πέφτουν και πολλά άλλα παιδιά, π.χ. παιδιά με γονείς μαύρους, φτωχούς ή ανάπηρους. Εμείς έχουμε το πλεονέκτημα να γνωρίζουμε τι έχουμε να αντιμετωπίσουμε, και έτσι εγώ νιώθω απόλυτα προετοιμασμένος να τους προσφέρω τη δύναμη που θα χρειαστούν. Ευελπιστώ ότι και η δουλειά μου συμβάλλει στο να κτιστεί ένας πιο δίκαιος κόσμος, όπου κανένα παιδί δεν θα βασανίζεται εξαιτίας αυτής της “διαφορετικότητας”. Προς το παρόν, αυτό που έχω πει στα παιδιά μου είναι ότι το σχήμα της δικής μας οικογένειας διαφέρει από το σχήμα των άλλων οικογενειών, αλλά ότι ξεπεράσαμε πολλά εμπόδια για να μπορέσουμε να τα αποκτήσουμε. Τα καταφέραμε χάρη σε μια βαθιά και ακλόνητη πίστη στην αγάπη που μπορούσαμε να δώσουμε ο ένας στον άλλο. Τους λέω ξανά και ξανά πόσο πολύ τα αγαπάμε, καθώς και ότι η αγάπη συγκροτεί την οικογένεια».\n\n*Δημοσιεύθηκε στο BHmagazino την Κυριακή 31 Αυγούστου 2014\n', 'ΒΗMagazino, 1-9-2014', 'http://www.tovima.gr/vimagazino/views/article/?aid=627107', 'same gender_parents.jpg', 2, 1, 0, 'Η αλήθεια για τις χαρές και τις οδύνες της ομογονεϊκότητας', '2014-09-03 18:52:25', '2014-09-03 18:59:33'),
(28, 'Ιταλία: Το πρώτο ζευγάρι ομοφυλόφιλων που υιοθέτησε παιδί. ', 'Ενα ομοφυλόφιλο ζευγάρι γυναικών στην Ιταλία έγινε το πρώτο gay ζευγάρι στη χώρα, που μπόρεσε να υιοθετήσει παιδάκι μετά από απόφαση του Δικαστηρίου Ρώμης.', 'Σύμφωνα με την εφημερίδα «La Repubblica»το πεντάχρονο κοριτσάκι είχε γεννηθεί από τη μία εκ των δύο γυναικών, όταν η μητέρα του παιδιού υποβλήθηκε σε θεραπεία τεχνητής γονιμοποίησης στο εξωτερικό. Το πεντάχρονο κοριτσάκι ζούσε ήδη με τις δύο γυναίκες στο σπίτι τους στη Ρώμη.\n\nΝα σημειωθεί ότι η Ιταλία (όπως και η Ελλάδα), υστερεί σε σχέση με άλλες ευρωπαϊκές χώρες, σε ό,τι αφορά τους νόμους για τα δικαιώματα των ομοφυλόφιλων ζευγαριών καθώς δεν έχουν καμία νομική αναγνώριση.\n\nΤον επόμενο μήνα όμως,η κυβέρνηση Ρέντσι σχεδιάζει την προωθήση νομοσχεδίου, για την αναγνώριση των σχέσεων ομόφυλων ζευγαριών.Οταν εγκριθεί αυτή η πρόταση νόμου του κεντροαριστερού Δημοκρατικού Κόμματος, τα gay ζευγάρια θα έχουν ακριβώς τα ίδια δικαιώματα με τα ετερόφυλα που έχουν παντρευτεί. Η μόνη διαφορά, θα είναι το δικαίωμα στην υιοθεσία, το οποίο, σύμφωνα με την εφημερίδα «L’Unità», δεν πρόκειται να αναγνωρισθεί προς το παρόν. Ο ένας από τους δυο συντρόφους, όμως, θα μπορεί να υιοθετεί το παιδί που το άλλο μέλος του ζευγαριού έχει ενδεχομένως αποκτήσει από προηγούμενο γάμο ή δεσμό.\n', 'THE TOC', 'http://www.thetoc.gr/new-life/lgbt/article/italia-to-prwto-zeugari-omofulofilwn-pou-uiothetise-paidi', 'italy_homo_parents.jpg', 2, 1, 0, '', '2014-09-03 19:35:39', '2014-09-03 19:36:46'),
(29, 'Ελβετία: πρόταση νόμου για την απαγόρευση επιλεκτικής διακοπής κύησης με βάση το φύλο του κυοφορούμενου εμβρύου', 'Στην Ελβετία, το Συμβούλιο των Καντονιών (Κάτω Βουλή) ψήφισε την Τρίτη, 16 Σεπτεμβρίου 2014, πρόταση νόμου με σκοπό την ενίσχυση του προστατευτικού νομοθετικού πλαισίου σχετικά με τις πρώιμες προγεννητικές διαγνωστικές εξετάσεις. Η πρόταση την οποία εισήγαγε στο Κοινοβούλιο η βουλευτής του σοσιαλιστικού κόμματος, Pascale Bruderer, στοχεύει ουσιαστικά στην απαγόρευση της επιλεκτικής διακοπής κυήσεων με βάση το φύλο του κυοφορούμενου εμβρύου. ', 'Η ισχύουσα ελβετική νομοθεσία επιτρέπει τη διενέργεια διαγνωστικών εξετάσεων για τον προσδιορισμό του φύλου του εμβρύου μόνον εφόσον αυτός είναι αναγκαίος για τη διάγνωση συγκεκριμένων γενετικών ανωμαλιών. Η απαγόρευση αυτή εύκολα παρακάμπτεται, ωστόσο, σύμφωνα με τη συντάκτρια της σχετικής πρότασης νόμου, μέσω της δυνατότητας που παρέχεται στα ζευγάρια να πραγματοποιήσουν μη-επεμβατικές διαγνωστικές εξετάσεις πριν την 9η εβδομάδα της κύησης και με δεδομένη τη δυνατότητα που τους παρέχει ο ελβετός νομοθέτης για νόμιμη διακοπή της κύησης έως και τη 12η εβδομάδα. \n\nΣύμφωνα λοιπόν με την εν λόγω νομοθετική πρωτοβουλία, η απαγόρευση στα διαγνωστικά εργαστήρια να παρέχουν πληροφορίες σχετικά με το φύλο του κυοφορούμενου εμβρύου, εάν αυτό δεν υπαγορεύεται από ιατρικούς λόγους, θα μπορούσε να είναι ένα πρώτο βήμα για τη μείωση της επιλεκτικής διακοπής κυήσεων με βάση το φύλο του εμβρύου. \n\nΗ πρόταση νόμου δεν έχει ακόμη εισαχθεί προς συζήτηση ενώπιον του Εθνικού Συμβουλίου (Κάτω Βουλή). Το Ομοσπονδιακό Συμβούλιο (Κυβέρνηση) πάντως της Ελβετίας δήλωσε έτοιμο να οργανώσει δημόσιο διάλογο γύρω από το ζήτημα, χωρίς παρόλα αυτά να δεσμεύεται για την ψήφιση σχετικού νόμου. \n', 'Tribune de Genève', 'http://www.tdg.ch/suisse/Vers-l-interdiction-des-IVG-liees-au-sexe-de-lembryon---/story/19771752/print.html', '01_dpn_0.png', 2, 1, 0, '', '2014-09-18 17:41:07', '2014-09-18 17:41:23');
INSERT INTO `articles` (`id`, `title`, `short_desc`, `long_desc`, `source_label`, `source_link`, `picture`, `lang_id`, `is_published`, `carousel`, `carousel_label`, `created_at`, `published_at`) VALUES
(30, 'Παρένθετη μητρότητα: Το ΕΔΔΑ αναγνωρίζει στα κράτη-μέλη ένα δικαίωμα «νομικού ελέγχου» ', 'Με την από 11 Σεπτεμβρίου 2014 απόφαση επί του παραδεκτού, το Ευρωπαϊκό Δικαστήριο των Δικαιωμάτων του Ανθρώπου (ΕΔΔΑ) έκρινε ότι «οι Αρχές ενός Κράτους δύνανται να διεξάγουν νομίμως &quot;νομικό έλεγχο&quot; προτού επιτρέψουν την είσοδο στην επικράτειά τους ενός βρέφους που γεννήθηκε στο εξωτερικό από παρένθετη μητέρα».', 'Συγκεκριμένα, ένα ζευγάρι βέλγων υπηκόων κατέφυγε στην Ουκρανία, προκειμένου να προσφύγει στην – απαγορευμένη νομοθετικά στο Βέλγιο – μέθοδο της παρένθετης μητρότητας. Στις 26 Φεβρουαρίου 2013, απέκτησαν κατόπιν της εφαρμογής της μεθόδου αυτής ένα τέκνο, για το οποίο ωστόσο οι βελγικές Αρχές (αρχικά οι προξενικές Αρχές στο Κίεβο και έπειτα οι δικαστικές αρχές στις Βρυξέλλες) αρνούνταν να εκδώσουν νομιμοποιητικά έγγραφα προκειμένου να ταξιδέψει μαζί με τους γονείς του από την Ουκρανία στο Βέλγιο. Μπροστά στην άρνηση των εθνικών Αρχών να ικανοποιήσουν το αίτημά τους, επικαλούμενοι μεταξύ άλλων το δικαίωμα στην οικογενειακή ζωή, όπως αυτό κατοχυρώνεται από την Ευρωπαϊκή Σύμβαση των Δικαιωμάτων του Ανθρώπου (άρθρο 8), οι γονείς προσέφυγαν, τον Απρίλιο του 2013, στο Δικαστήριο του Στρασβούργου. Λίγους μήνες αργότερα, όμως, και πριν εκδικαστεί η υπόθεση ενώπιον του Δεύτερου Τμήματος του ΕΔΔΑ, το Εφετείο των Βρυξελλών, κρίνοντας με τη διαδικασία ασφαλιστικών μέτρων, διέταξε την έκδοση των αναγκαίων νομιμοποιητικών εγγράφων του τέκνου.  \n\nΓια το λόγο αυτό, άλλωστε, στον πρώτο ισχυρισμό των γονέων σχετικά με την άρνηση των βελγικών Αρχών να ικανοποιήσουν το αίτημα έκδοσης νομιμοποιητικών εγγράφων για το τέκνο τους, το Δικαστήριο απάντησε ότι η «διαφορά έπρεπε να θεωρηθεί ως επιλυθείσα» και να διαγραφεί από το πινάκιο. \n\nΑναφορικά, δε, με την υποτιθέμενη παραβίαση του άρθρου 8 και του δικαιώματος στην οικογενειακή ζωή εξαιτίας του προσωρινού αποχωρισμού του τέκνου από τους γονείς του, το Δικαστήριο του Στρασβούργου αναγνώρισε ότι «η αρχική άρνηση των βελγικών Αρχών να επιτρέψουν στο βρέφος να εισέλθει στο Βέλγιο [...] συνιστά επέμβαση στο δικαίωμα σεβασμού της οικογενειακής ζωής των προσφευγόντων». Μια επέμβαση, ωστόσο, που το Δικαστήριο διευκρινίζει ότι «προβλεπόταν από τη νομοθεσία και επεδίωκε νόμιμους σκοπούς, όπως την πρόληψη της εμπορίας ανθρώπων και την προστασία των δικαιωμάτων της παρένθετης μητέρας και του τέκνου». \n\nΤο Δικαστήριο επεσήμανε, περαιτέρω, ότι «τα Κράτη απολαμβάνουν στο συγκεκριμένο πεδίο ένα σχετικά ευρύ περιθώριο εκτίμησης, ιδίως εφόσον διακυβεύονται ευαίσθητα ζητήματα ηθικής ή δεοντολογίας». Πριν καταλήξει στο προδήλως αβάσιμο του συγκεκριμένου ισχυρισμού, το Δικαστήριο υπογράμμισε ότι η ΕΣΔΑ δεν υποχρεώνει τα Κράτη να «επιτρέπουν την είσοδο στην επικράτειά τους τέκνων που γεννιούνται από παρένθετη μητέρα, χωρίς να έχουν προγενέστερα διεξάγει τον απαραίτητο νομικό έλεγχο». \n\nΤέλος, το ΕΔΔΑ απέρριψε ως προδήλως αβάσιμους τους υπόλοιπους ισχυρισμούς των προσφευγόντων σχετικά με την παραβίαση του άρθρου 3 της ΕΣΔΑ εξαιτίας του προσωρινού αποχωρισμού του τέκνου από τους γονείς του, καθώς επίσης και του άρθρου  6 σε συνδυασμό με το άρθρο 13 της ΕΣΔΑ για την απουσία από τη βελγική έννομη τάξη αποτελεσματικού ένδικου μέσου κατά της άρνησης των Αρχών να εκδώσουν τα απαραίτητα νομιμοποιητικά έγγραφα του τέκνου.\n', 'Génèthique', 'http://www.genethique.org/fr/gpa-letranger-la-cedh-reconnait-aux-etats-un-droit-des-verifications-juridiques-62058.html#.VCB0HCu1ZE5', 'cour_europeenne.jpg', 2, 1, 0, '', '2014-09-22 18:57:14', '2014-09-22 18:57:22'),
(31, 'Γαλλία: ανοίγει ο δρόμος για την υιοθεσία τέκνων που γεννιούνται με ΙΥΑ από ζευγάρια του ίδιου φύλου', 'Με την από 22 Σεπτεμβρίου 2014 γνωμοδότησή του, το Ανώτατο Ακυρωτικό Δικαστήριο της Γαλλίας ανοίγει το δρόμο στην υιοθεσία από ζευγάρια του ίδιου φύλου τέκνων που γεννιούνται κατόπιν προσφυγής σε ιατρικά υποβοηθούμενη αναπαραγωγή με τρίτο δότη στο εξωτερικό.', 'Με το νόμο της 17ης Μαΐου 2013, επιτράπηκε στη Γαλλία σε ζευγάρια του ίδιου φύλου η τέλεση γάμου. Η νομοθετική αυτή εξέλιξη δε συνοδεύτηκε, ωστόσο, από κάποια διεύρυνση των προϋποθέσεων πρόσβασης στην ιατρικά υποβοηθούμενη αναπαραγωγή, η οποία εξακολουθεί σύμφωνα με τις διατάξεις του άρθρου L. 2141-2, παρ. 2, του γαλλικού Κώδικα Δημόσιας Υγείας να επιτρέπεται αποκλειστικά και μόνο σε ετερόφυλα ζευγάρια «εν ζωή, σε ηλικία φυσικής ικανότητας αναπαραγωγής … [που έχουν] συναινέσει προγενέστερα στη μεταφορά των εμβρύων ή την τεχνητή γονιμοποίηση». Κι αυτό διότι, δυνάμει των διατάξεων του άρθρου L. 2141-2, παρ. 1, του ίδιου Κώδικα, «σκοπός της ιατρικά υποβοηθούμενης αναπαραγωγής είναι να θεραπευθεί η υπογονιμότητα ενός ζευγαριού ή να αποφευχθεί η μετάδοση στο τέκνο ή σε ένα από τα δύο υποβοηθούμενα πρόσωπα του ζευγαριού ασθένειας ενός ορισμένου βαθμού σοβαρότητας».\n \nΛόγω της απαγόρευσης αυτής πολλά ομόφυλα ζευγάρια κατέφυγαν στο εξωτερικό, κυρίως σε αναζήτηση ανώνυμου δότη σπέρματος, για να έρθουν επιστρέφοντας στη Γαλλία αντιμέτωπα με την άρνηση ορισμένων πρωτοβάθμιων δικαστηρίων να τους αναγνωρίσουν το δικαίωμα υιοθεσίας. Για τα δικαστήρια αυτά, η αίτηση υιοθεσίας αποτελούσε το τελευταίο στάδιο μιας ευρύτερης διαδικασίας που στόχο της είχε να καταστρατηγήσει, μέσω της παράκαμψής της, τη γαλλική νομοθεσία. Αξίζει, ωστόσο, να επισημανθεί ότι από την ψήφιση του νόμου «γάμος για όλους», την άνοιξη του 2013, έχουν κατατεθεί από ζευγάρια του ίδιου φύλου 295 αιτήσεις υιοθεσίας τέκνων που γεννήθηκαν στο εξωτερικό μετά από προσφυγή σε ΙΥΑ με τρίτο δότη. Από αυτές μόνο 9 απορρίφθηκαν. \n\nΗ γνωμοδότηση, συνεπώς, του Ανώτατου Πολιτικού Δικαστηρίου της Γαλλίας, τρεις μήνες μετά την καταδίκη της Γαλλίας από το ΕΔΔΑ για άρνηση αναγνώρισης των τέκνων που γεννιούνται στο εξωτερικό από παρένθετη μητέρα, έρχεται ουσιαστικά να κρίνει εάν η τεχνητή γονιμοποίηση με τρίτο δότη, όταν τελείται στο εξωτερικό από ζευγάρι του ίδιου φύλου, συνιστά καταστρατήγηση του γαλλικού νόμου, καθώς επίσης και εάν ως τέτοια αποκλείει την υιοθεσία του τέκνου που προέκυψε από τη διαδικασία αυτή. \n\nΚαι στις δύο περιπτώσεις στις οποίες κλήθηκε να γνωμοδοτήσει, το Ανώτατο Ακυρωτικό Δικαστήριο απορρίπτει τη λύση της «καταστρατήγησης του νόμου», με την αιτιολογία ότι, στη Γαλλία, η εν λόγω ιατρική μέθοδος επιτρέπεται υπό προϋποθέσεις. Το γεγονός, συνεπώς, ότι υπάρχουν γυναίκες που καταφεύγουν στο εξωτερικό προκειμένου να έχουν πρόσβαση στην τεχνική αυτή δεν καταστρατηγεί καμία θεμελιώδη αρχή του γαλλικού δικαίου. \n\nΗ γνωμοδότηση αυτή του Ανώτατου γαλλικού πολιτικού Δικαστηρίου μπορεί να μην είναι δεσμευτική, αλλά θεωρείται οδηγός μελλοντικών δικαστικών αποφάσεων. ', 'Δελτίο Τύπου γαλλικού Ανώτατου Ακυρωτικού Δικαστηρ', 'http://www.courdecassation.fr/IMG/Communiqu%C3%A9%20Avis%20AMP.pdf', 'cassation.jpg', 2, 1, 0, '', '2014-10-02 14:46:09', '2014-10-02 14:51:51'),
(32, 'Σουηδία: Γέννησε για πρώτη φορά στον κόσμο με μεταμοσχευμένη μήτρα', 'Σουηδός γιατρός ανακοίνωσε ότι για πρώτη φορά σε όλο τον κόσμο γυναίκα, η οποία είχε υποβληθεί σε μεταμόσχευση μήτρας, γέννησε ένα υγιέστατο παιδάκι. Η 36χρονη γυναίκα έλαβε το μόσχευμα πριν από ένα χρόνο από οικογενειακή της φίλη. Το αγοράκι της γεννήθηκε πρόωρα τον περασμένο μήνα αλλά μητέρα και βρέφος βρίσκονται ήδη στο σπίτι τους και χαίρουν άκρας υγείας. Ο δρ. Μέιτς Μπράνστρομ, που προέβη στην ανακοίνωση, δήλωσε ότι το μωρό είναι «φανταστικό».', 'Ο δρ. Μπράνστρομ είναι καθηγητής μαιευτικής και γυναικολογίας στο πανεπιστήμιο του Γκέτεμποργκ και της Στοκχόλμης IVF, το οποίο ηγήθηκε της έρευνας.\n \nΓια το ιατρικό επίτευγμα των σουηδών επιστημόνων δεν δόθηκαν λεπτομέρειες αφού αυτές αναμένεται να δημοσιευθούν στην ιατρική επιθεώρηση Lancet.\n\nΗ ταυτότητα της γυναίκας και η διεύθυνση της κατοικίας της δεν έγιναν γνωστές.\nΤο επίτευγμα των σουηδών επιστημόνων ανοίγει νέο δρόμο, ακόμη σε πειραματικό στάδιο, για μερικές από τις χιλιάδες γυναίκες που κάθε χρόνο δεν μπορούν να γεννήσουν επειδή χάνουν τη μήτρα τους εξαιτίας του καρκίνου ή γεννιούνται χωρίς μήτρα. \n\nΠριν αποδειχθεί και, κυρίως, πριν αρχίσει να λειτουργεί αυτή η εναλλακτική λύση, πολλοί από τους ειδικούς ήγειραν ερωτήματα για το αν μπορεί μια μεταμοσχευμένη μήτρα να επιτύχει την ανάπτυξη ενός εμβρύου.\n', 'ΤΑ ΝΕΑ.gr (4-10-2014)', 'http://www.tanea.gr/news/world/article/5166074/gennhse-h-prwth-gynaika-me-metamosxeymenh-mhtra', 'surgery.jpg', 2, 1, 1, '', '2014-10-06 19:20:03', '2014-10-06 19:28:33'),
(33, 'H υποβοηθούμενη αναπαραγωγή στην Ευρώπη: κοινωνικά, ηθικά και νομικά ζητήματα', '', '<div style="text-align: center">ΝΟΜΙΚΗ ΣΧΟΛΗ – ΤΜΗΜΑ ΙΑΤΡΙΚΗΣ\r\nΑΡΙΣΤΟΤΕΛΕΙΟΥ ΠΑΝΕΠΙΣΤΗΜΙΟΥ ΘΕΣΣΑΛΟΝΙΚΗΣ\r\n(στο πλαίσιο του προγράμματος ΑΡΙΣΤΕΙΑ ΙΙ)\r\n\r\nΟΜΙΛΟΣ ΜΕΛΕΤΗΣ ΙΑΤΡΙΚΟΥ ΔΙΚΑΙΟΥ ΚΑΙ ΒΙΟΗΘΙΚΗΣ\r\n\r\n\r\nΣυνέδριο με θέμα\r\n\r\nH υποβοηθούμενη αναπαραγωγή στην Ευρώπη: κοινωνικά, ηθικά και νομικά ζητήματα\r\n\r\n11 – 13 Δεκεμβρίου 2014\r\n\r\n\r\nΣυνεδριακό Κέντρο Τράπεζας Πειραιώς\r\nΚατούνη 12\r\nΘεσσαλονίκη\r\n\r\n<a href="/resources/files/προγραμμα συνεδρίου ελληνικό.docx" target="_blank">Πρόγραμμα Συνεδρίου</a>\r\n</div>', '', '', 'synedrio.png', 2, 1, 1, '', '2014-10-06 21:09:26', '2014-10-06 21:09:26'),
(34, 'Μήνυση κατά της τράπεζας σπέρματος από γυναίκα στις ΗΠΑ', 'Μια λευκή γυναίκα από το Οχάιο των ΗΠΑ μηνύει μια τράπεζα σπέρματος υποστηρίζοντας ότι ήταν λάθος που γονιμοποιήθηκε από ένα μαύρο δότη. ', 'Η ίδια είχε ζητήσει σπέρμα λευκού δότη, αλλά οι υπάλληλοι της τράπεζας προφανώς υπέπεσαν σε σφάλμα και της δόθηκε το λάθος φιαλίδιο.\n\nΣτην αγωγή, η 36χρονη Jennifer Cramblett υποστηρίζει ότι το λάθος του εργαστηρίου προκάλεσε σε εκείνη και τον σύντροφό της στρες και άγχος, καθώς πασχίζουν να μεγαλώσουν την δίχρονη κόρη τους, Payton, σε μια περιοχή όπου είναι εχθρική προς τους έγχρωμους.\n', 'enikos.gr', 'http://www.enikos.gr/international/267462%2cMhnyse_thn_trapeza_spermatos.html ', 'sperm_bank.png', 2, 1, 1, '', '2014-10-13 13:18:06', '2014-10-13 13:19:09'),
(35, 'Ιρλανδία: Η χαμένη ευκαιρία της παρένθετης μητρότητας.', 'Στις 31 Ιανουαρίου 2014 ο (τότε) Υπουργός Δικαιοσύνης και Ισότητας της κυβέρνησης, Alan Shatter, έδωσε στη δημοσιότητα για να υποβληθεί σε δημόσιο διάλογο και έπειτα να τύχει επεξεργασίας από ειδική επιτροπή του κοινοβουλίου, ένα κείμενο που αφορούσε τις σύνθετες σύγχρονες μορφές οικογένειας και τις οικογενειακές σχέσεις εν γένει και επιπλέον, το σημαντικότερο, ενσωμάτωνε προτάσεις που αποσκοπούσαν στη νομική διασάφηση των σχέσεων συγγένειας παιδιών που γεννιούνται με ιατρικώς υποβοηθούμενη αναπαραγωγή ή/και παρένθετη μητέρα. ', '«Πρέπει  άμεσα να μεταρρυθμίσουμε και να αναμορφώσουμε το οικογενειακό μας δίκαιο και να ληφθεί μέριμνα για τον συνεχώς αυξανόμενο αριθμό οικογενειών των οποίων οι ανάγκες δεν καλύπτονται επαρκώς από το ισχύον νομοθετικό πλαίσιο », δήλωσε ο Υπουργός, συνεχίζοντας ότι «η νομοθεσία στο πεδίο αυτό δεν μπορεί να είναι απόλυτη και δύσκαμπτη, αλλά πρέπει με ένα δημιουργικό και πραγματιστικό τρόπο να αντικατοπτρίζει τις ανάγκες των οικογενειών και των παιδιών στην Ιρλανδία του 21ου αιώνα με επίκεντρο το συμφέρον του παιδιού ».\r\n \r\nΉταν η πρώτη φορά που κάποιος ανέλαβε επισήμως μια τέτοια πρωτοβουλία, διότι στην Ιρλανδία μέχρι και σήμερα, η εφαρμογή μεθόδων ιατρικώς υποβοηθούμενης αναπαραγωγής, αν και δεν απαγορεύεται,  δεν έχει τύχει ειδικής νομοθετικής ρύθμισης. Ειδικά όμως η μέθοδος της παρένθετης μητρότητας, όχι μόνο δεν ρυθμίζεται αλλά και δεν εφαρμόζεται διότι σύμφωνα με το ιρλανδικό δίκαιο ως νόμιμη μητέρα του παιδιού θεωρείται η μητέρα που του γέννησε. Δεν υπάρχει δε νομική πρόβλεψη ώστε κάποια άλλη γυναίκα, ακόμα και αν συνδέεται γενετικά με το τέκνο, να μπορεί να θεωρηθεί μητέρα του. Το αποτέλεσμα είναι πολλά παιδιά να βρίσκονται σε ένα κενό όσον αφορά τις σχέσεις συγγένειας αλλά και ζητήματα κληρονομικής διαδοχής.\r\n\r\nΟι βασικές προτάσεις του νομοσχεδίου, σχετικά με το ζήτημα της παρένθετης μητρότητας, και οι οποίες θεωρήθηκαν πολύ γενναίες και προοδευτικές για μια χώρα όπως η Ιρλανδία, ήταν:\r\n•	Ο δωρητής γαμετών δεν πρέπει να θεωρείται γονέας του παιδιού που θα γεννηθεί, μόνο για το λόγο ότι συνδέεται μαζί του γενετικά.\r\n•	Το πρόσωπο που είναι παντρεμένο, ή βρίσκεται σε αστική ένωση (σύμφωνο συμβίωσης) ή συγκατοικεί με την παρένθετη μητέρα το χρονικό διάστημα που αυτή είναι κυοφορεί ένα παιδί ως παρένθετη μητέρα, δεν πρέπει να θεωρείται γονέας του παιδιού.   \r\n•	Το δικαστήριο θα μπορεί να ορίσει ότι η παρένθετη δεν είναι η μητέρα του παιδιού που γεννήθηκε από αυτή, αποκλείοντας το ενδεχόμενο να θεμελιωθεί οποιαδήποτε συγγενική σχέση μαζί του. \r\n•	Θα απαιτείται η συναίνεση της παρένθετης μητέρας για την εκχώρηση της συγγένειας. \r\n•	Μια συμφωνία παρένθετης μητρότητας δεν θα μπορεί να επιβληθεί σε κανέναν, εκτός από την περίπτωση των εύλογων εξόδων που θα πρέπει οι γονείς να καταβάλουν στην παρένθετη. Δεν είναι επίσης δυνατόν να θεωρηθεί η συμφωνία ως απόδειξη της συναίνεσης της παρένθετης να αποξενωθεί από το παιδί που γέννησε.\r\n•	Η παρένθετη μητρότητα θα πρέπει να επιτρέπεται μόνο για αλτρουιστικούς και μη εμπορικούς σκοπούς. Κάθε άλλη χρήση πρέπει να απαγορεύεται.\r\n	\r\nΤον Μάιο του 2014 (7-5-2014) ο Υπουργός Δικαιοσύνης και Ισότητας της κυβέρνησης, Alan Shatter, παραιτήθηκε και Υπουργός ανέλαβε η Frances Fitzgerald. \r\n\r\nΗ νέα Υπουργός στις 25 Σεπτεμβρίου 2014 έδωσε στη δημοσιότητα μια νέα έκδοση του νομοσχεδίου από την οποία είχαν απαλειφθεί οι προβλέψεις για την παρένθετη μητρότητα. Περιλαμβάνονται μόνο ρυθμίσεις για το δικαίωμα των παιδιών να αποκτούν πρόσβαση στις πληροφορίες για τη γενετική τους ταυτότητα και  ρυθμίσεις για την οργάνωση ενός εθνικού συστήματος δοτών γενετικού υλικού.\r\n\r\nΤο προηγούμενο νομοσχέδιο είχε γίνει δεκτό με μεγάλο ενθουσιασμό από τους περισσότερους ενδιαφερόμενους και είχε σημειωθεί ότι θα αποτελούσε ένα σημαντικό βήμα για την αναμόρφωση του οικογενειακού δικαίου και την οριστική ρύθμιση ζητημάτων με σημαντικότερο την παρένθετη μητρότητα, αλλά και άλλα όπως η μεταθανάτια γονιμοποίηση, το δικαίωμα των παιδιών να αποκτούν πληροφορίες για τη γενετική τους ταυτότητα. \r\n\r\nΓενικότερα υπήρχε μια αίσθηση ότι μετά από αρκετά χρόνια υπήρχε επιτέλους μια θετική ανταπόκριση στα αιτήματα για τη ρύθμιση τέτοιων ζητημάτων. Ενώ δεν υπήρχε καμία ένδειξη ότι υπάρχουν ή θα υπάρξουν αντιδράσεις και ότι και αυτή τη φορά θα υπάρξει κάποιος λόγος για να εξαιρεθεί η ρύθμιση των ζητημάτων αυτών. Έτσι, η εξαίρεσή τους από το νέο σχέδιο νόμου που υπέβαλε η νυν Υπουργός προκάλεσε μεγάλη έκπληξη.\r\n\r\n«Μπορεί κανείς μόνο να υποθέσει ότι είναι μια καθαρά πολιτική απόφαση με πολιτικά κίνητρα και άλλο ένα παράδειγμα απροθυμίας του νομοθέτη να αντιμετωπίσει τα ζητήματα αυτά και να χαράξει μια πολιτική στον τομέα αυτό. Κατά την άποψή μου είναι άλλη μία χαμένη ευκαιρία» σημειώνει η Fiona Duffy.\r\n\r\nΗ Υπουργός ωστόσο, δήλωσε ότι απαιτείται περισσότερη ζύμωση και χρόνος για διαβούλευση σε τέτοια λεπτά θέματα όπως η παρένθετη μητρότητα. Σε κείμενο που συνοδεύει το σχέδιο νόμου, σημειώνεται ότι ήταν «ιδιαίτερα προβληματικό να οριστικοποιηθούν οι διατάξεις σχετικά με την παρένθετη μητρότητα» ενόψει μιας απόφασης που αναμένεται από το Ανώτατο Δικαστήριο της Ιρλανδίας σχετικά με το θέμα, «δεδομένης της αβεβαιότητας των συνταγματικών δικαιωμάτων μεταξύ μητέρας (που γεννά) και γενετικής μητέρα». \r\n\r\nΑναφερόταν στην απόφαση του High Court στην υπόθεση M.R. & Ors. V An tArd Chláraitheoir & Ors στις 5 Μαρτίου 2014, η οποία για πρώτη φορά δεχόταν ότι τη νομική θέση της μητέρας του τέκνου θα πρέπει να λάβει η γενετική μητέρα αυτού και όχι η παρένθετη μητέρα που το γέννησε, κατά της οποίας η Κυβέρνηση άσκησε έφεση ενώπιον του Supreme Court  και αναμένεται με μεγάλο ενδιαφέρον η τελική απόφαση.\r\n\r\n', 'Antony Blackburn-Starza', 'http://www.bionews.org.uk/antonyblackburnstarza', 'ireland-flag.jpg', 2, 1, 1, 'Η νέα Υπουργός Δικαιοσύνης απέσυρε διατάξεις για την παρένθετη μητρότητα από νομοσχέδιο για τις οικογενειακές σχέσεις ', '2014-10-13 13:29:03', '2014-10-13 13:35:57'),
(36, 'Γαλλία: «Η παρένθετη μητρότητα είναι και θα παραμείνει απαγορευμένη στη Γαλλία», δηλώνει ο γάλλος Πρωθυπουργός', 'Ο γάλλος Πρωθυπουργός, Manuel Valls, σε συνέντευξη που παραχώρησε, στις 2 Οκτωβρίου 2014, λίγες ημέρες πριν τη νέα κινητοποίηση της «Διαμαρτυρίας για όλους» (Manif pour tous), στην εφημερίδα La Croix, δήλωσε ότι «η μέθοδος της παρένθετης μητρότητας είναι και θα παραμείνει απαγορευμένη στη Γαλλία». Πρόκειται για μια συνειδητή επιλογή του Προέδρου της Δημοκρατίας και της κυβέρνησής του, η οποία απορρέει από την πεποίθηση ότι η «παρένθετη μητρότητα είναι μια απαράδεκτη πρακτική εμπορευματοποίησης του ανθρώπου και, δη, του γυναικείου σώματος».', 'Αναφορικά με την από 26 Ιουνίου 2014 καταδίκη της Γαλλίας από το Ευρωπαϊκό Δικαστήριο των Δικαιωμάτων του Ανθρώπου (Υπόθεση Mennesson κατά Γαλλίας και Υπόθεση Labassée κατά Γαλλίας) για την άρνηση των γαλλικών Αρχών να εγγράφουν στο Ληξιαρχείο τα τέκνα που γεννιούνται στο εξωτερικό από παρένθετη μητέρα, ο γάλλος Πρωθυπουργός διευκρίνισε ότι: «η Γαλλία δεν προσέβαλε τις αποφάσεις αυτές, γιατί δεν είναι η εθνική νομοθεσία, δηλαδή η απαγόρευση, που τίθεται υπό αμφισβήτηση. Αντίθετα, το ΕΔΔΑ ζητά τη διασφάλιση των εχεγγύων ότι τα τέκνα που γεννιούνται από παρένθετες μητέρες απολαμβάνουν προϋποθέσεις ύπαρξης που συνάδουν με το συμφέρον τους». Λαμβάνοντας υπόψη ότι τα παιδιά αυτά δεν ευθύνονται ουδόλως για την κατάσταστη στην οποία βρίσκονται, ο Manuel Valls αναγνωρίζει ότι τα ζητήματα που εγείρονται και αφορούν στην προστασία τους, τα κληρονομικά τους δικαιώματα και την υπηκοότητά τους είναι πολύ σοβαρά για να αντιμετωπιστούν βιαστικά. Σε κάθε περίπτωση, πάντως, τονίζει με έμφαση ότι «η κυβέρνηση αποκλείει εντελώς την αυτόματη μετεγγραφή στο Ληξιαρχείο των αλλοδαπών ληξιαρχικών πράξεων γέννησης, δεδομένου ότι κάτι τέτοιο θα ισοδυναμούσε με αποδοχή και τυποποίηση της μεθόδου της παρένθετης μητρότητας». \n\nH μέθοδος της παρένθετης μητρότητας, ωστόσο, είναι νόμιμη σε άλλες χώρες του εξωτερικού. Μπορεί η Γαλλία να αντιμετωπίσει μόνη της το διαρκώς αυξανόμενο αριθμό των πολιτών της που βγαίνουν εκτός συνόρων για να προσφύγουν σε αυτήν; Και στην ερώτηση αυτή ο γάλλος Πρωθυπουργός επεφύλαξε μια αφοπλιστική απάντηση. «Οφείλουμε να υπενθυμίσουμε σε όλα τα Κράτη την ευθύνη που έχουμε για την καταπολέμηση της εμπορευματοποίησης των ανθρώπων. Η Γαλλία σκοπεύει να προωθήσει μια διεθνή πρωτοβουλία με στόχο την απαγόρευση πρόσβασης στη μέθοδο της παρένθετης μητρότητας σε υπηκόους κρατών όπου αυτή απαγορεύεται ρητά». Στο πλαίσιο αυτό, ο Υπουργός Εξωτερικών, Laurent Fabius, θα αναλάβει, μέσα στις επόμενες εβδομάδες πρωτοβουλίες που θα του επιτρέψουν να διερευνήσει το κατάλληλο πλαίσιο.\n \nΕρωτηθείς, τέλος, σχετικά με τη διεύρυνση της ιατρικά υποβοηθούμενης αναπαραγωγής σε ζευγάρια γυναικών, ο Manuel Valls διαβεβαίωσε ότι η θέση της κυβέρνησης είναι ξεκάθαρη: δεν πρόκειται να αλλάξει τίποτα στην ισχύουσα νομοθεσία πριν τοποθετηθεί σχετικά η Εθνική Συμβουλευτική Επιτροπή Ηθικής (Comité consultatif national d''éthique, CCNE). \n\nΗ συνέντευξη έκλεισε με μια σύντομη διακήρυξη της φιλοσοφίας της κυβέρνησης Valls, σύμφωνα με την οποία «αποστολή του νομοθέτη είναι να θέτει όρια, να εξασφαλίσει τον πυρήνα των αρχών που θα οργανώνουν την κοινωνική ζωή σε έναν κόσμο όπου τα πάντα αγοράζονται, τα πάντα είναι προς πώληση, οι αξίες και οι αρχές δεν είναι αρκετά ιεραρχημένες».  \n\nΔεν είναι λίγοι εκείνοι που εντοπίζουν σημεία σύγκλησης μεταξύ των θέσεων της κυβέρνησης Valls και του πρώην Προέδρου της Δημοκρατίας,  Nicolas Sarkozy, ο οποίος σε μια συνέντευξή του στο περιοδικό Le Figaro, την 1η Οκτωβρίου 2014, δήλωσε ότι, προκειμένου να καταπολεμηθεί η εμπορευματοποίηση του παιδιού, «είναι απαραίτητο να κατοχυρωθούν και συνταγματικά οι νομικές εκείνες δικλείδες ασφαλείας που θα επιτρέπουν την ιατρικά υποβοηθούμενη αναπαραγωγή μόνο σε ετερόφυλα ζευγάρια που πάσχουν από υπογονιμότητα και θα απαγορεύουν ρητά την παρένθετη μητρότητα».\n', 'La Croix, 2.10.2014', 'http://www.la-croix.com/Actualite/France/Manuel-Valls-La-France-entend-promouvoir-une-initiative-internationale-sur-la-GPA-2014-10-02-1215549', 'Valls foto.jpg', 2, 1, 1, '', '2014-10-13 13:49:33', '2014-10-13 13:50:24'),
(37, 'Ελλάδα, το El Dorado της παρένθετης μητρότητας', '«Ελλάδα, το El Dorado της παρένθετης μητρότητας» είναι ο τίτλος του άρθρου που δημοσιεύθηκε στη γαλλική εφημερίδα Le Figaro το προηγούμενο σαββατοκύριακο, με σκοπό να αναδείξει τις επιπτώσεις που έχει στην ανάπτυξη του αναπαραγωγικού τουρισμού στην Ελλάδα η πρόσφατη τροποποίηση του νομοθετικού πλαισίου σχετικά με την ιατρικά υποβοηθούμενη αναπαραγωγή. Σύμφωνα με το ρεπορτάζ της ειδικής ανταποκρίτριας της εφημερίδας στη Θεσσαλονίκη, η αλλαγή της νομοθεσίας σχετικά με την εφαρμογή της μεθόδου της παρένθετης μητρότητας είχε ως άμεση συνέπεια τη σημαντική αύξηση των αιτημάτων ιατρικής υποβοήθησης στην αναπαραγωγή προς τα εξήντα περίπου κέντρα γονιμότητας που λειτουργούν στη Χώρα από ολόκληρη την Ευρώπη και, ιδίως, τη Γαλλία.', 'Pour ses enfants, elle a « inventé un joli\nconte ». Il était une fois deux amies,\ndont la plus âgée ne pouvait pas avoir\nde bébé. L’autre, déjà comblée par\ntrois bambins, allait faire grandir une\npetite graine dans son ventre, pour offrir\nensuite « le plus beau des cadeaux\n» à celle qui l’attendait depuis si longtemps.\nAujourd’hui, Anastasia est « une héroïne » pour sa\nfamille, et le petit garçon né il y a cinq ans de cette\ntouchante amitié, « une bénédiction » pour ses parents.\nEst-ce pour encourager de telles « merveilleuses\nhistoires de solidarité » que la Grèce a assoupli, cet\nété, sa loi sur la gestation pour autrui (GPA) ? « À\nmon avis, c’est la prise en compte des fameux arrêts de\nla CEDH contre la France*, tranche Takis Vidalis, juriste\nà la Commission nationale de bioéthique. Comme\nvous le savez, ils auront des effets dans toute l’Europe.\nLa Grèce, qui compte une soixantaine de\ncliniques d’aide à la procréation - un grand nombre\npour un pays de 11 millions d’habitants - a intérêt à favoriser\nle tourisme des mères porteuses, et à essayer de\ngagner des parts de marché sur les États-Unis… »\nAlors qu’outre-Atlantique, il faut compter environ\n100 000 euros pour une GPA, la Grèce propose des\ntarifs trois fois moins élevés.\n\n« La Grèce est le seul pays de l’Union européenne qui\nfacilite expressément la GPA », souligne une étude,\npubliée par le Parlement européen en 2013, sur les\ndifférentes politiques des États membres en la matière.\nQui en conclut même que la loi grecque « peut\nêtre utilisée comme base solide pour réformer les\nautres législations de l’UE ». C’est presque à l’unanimité,\net dans une certaine indifférence de l’opinion\npublique et de l’Église orthodoxe, que le Parlement\nd’Athènes a voté, en 2002, la légalisation de la maternité\nde substitution. Avec une « vision très permissive\n» : une femme - seule ou en couple - peut\nbénéficier d’une fécondation in vitro (FIV), d’un don\nd’ovule, d’une GPA, et même d’une insémination\npost-mortem jusqu’à 50 ans. Et un concept subtil :\ndon d’ovocytes et GPA sont considérés par la loi\ncomme « un acte altruiste », non rémunéré… mais\n« dédommagé ». Officiellement, et en fournissant\ndes justificatifs (médicaments, transports, etc.), une\ndonneuse d’ovocytes peut ainsi recevoir jusqu’à\n1 000 euros, et une mère porteuse, 10 000 euros.\nDans un pays qui compte plus de 27 % de chômeurs\net où le salaire moyen est de 817 euros par mois…\n\n« Déséquilibres financiers et sociaux\nentre les parties contractantes »\nPas de « GPA commerciales », donc, mais comment\nle garantir ? Selon Aristides Hatzis, professeur de\ndroit à l’université d’Athènes et auteur d’un rapport\npublié en 2010 sur la législation grecque, l’audience,\ndevant un tribunal, permettant d’obtenir l’agrément\npour une GPA ne serait qu’une « procédure bureaucratique\nformelle ». Les recherches des experts européens\ndans les tribunaux grecs les ont amenés à\nconstater que « de nombreuses » mères porteuses\nétaient étrangères, de classe sociale modeste, de faible\nrevenu et originaires de pays pauvres. « Comme\non pouvait s’y attendre », note l’étude du Parlement\neuropéen, certains cas soulèvent « des doutes sur la\nvraie nature de l’altruisme : les déséquilibres financiers\net sociaux entre les parties contractantes, l’exploitation\npossible des mères porteuses (…) ainsi que la possibilité\nde dessous-de-table » échappent parfois à la\nsagacité des juges… Une autorité indépendante de\ncontrôle de l’aide à la procréation a bien été créée,\nmais « faute de personnel, d’infrastructures, de\nmoyens, elle n’a jamais pu fonctionner, regrette Takis\nVidalis. Du coup, c’est un système assez opaque ».\n\nUne certaine hypocrisie a en tout cas été levée début\naoût, avec la suppression, pour les couples comme\npour les mères porteuses, de l’obligation de résider\nde façon permanente en Grèce. Finie la nécessité\nde recourir à un intermédiaire pour se procurer des\nquittances de loyer ou des factures d’électricité…\n« On parle d’un marché international, insiste Takis\nVidalis. De plus en plus de ressortissants étrangers\nvont choisir la Grèce : il est très important, dorénavant,\nd’avoir une vue réaliste sur ce marché, et non\nmoraliste. Affirmer que tout doit se faire pour des raisons\nd’amitié et de solidarité, c’est un peu idéaliste… »\n\nQuelques centaines de donneuses\nDans la salle d’attente du centre de procréation médicalement\nassistée Iakentro, « numéro un en Grèce\nen nombre de couples internationaux reçus pour la fécondation\nin vitro », affiche la brochure, « deux tiers\ndes patients viennent de pays comme l’Italie, le Danemark\nou la France ». Ici, « des mécanismes de conception\ncomplexes et des phénomènes biologiques uniques\nse mettent au diapason pour créer l’être le plus parfait,\nvotre bébé ! », vous promet-on. Ouverte en 1997 et\naujourd’hui en cours d’agrandissement, la « clinique\nmère » de Thessalonique, deuxième ville du pays, a\ndepuis « fait des petits » : Nikos et Yannis Prapas,\nprofesseurs d’obstétrique et de gynécologie, et leur\nsoeur Stella, généticienne, consultent également à\nAthènes et à Tirana.\n\nL’aventure commence par un coup de fil à la « fée\nTriada », comme de nombreux heureux parents\nl’ont baptisée. Parfaitement francophone, cette dynamique\ncoordinatrice vous « prend par la main tout\nau long du chemin vers le bonheur » : « Un premier\ndéplacement à Thessalonique est nécessaire pour monter\nun dossier, explique-t-elle. Il faudra se munir d’un\ncertificat médical assurant que vous ne pouvez pas\nmener une grossesse à terme. Notre avocate organisera\nla partie juridique. » Quant à la partie touristique,\nelle n’est pas oubliée. Un téléphone dans une main et\ndeux dans l’autre, Triada est aussi capable de se\ntransformer en agent de tourisme : « Si les gens ont\nbesoin d’un logement, d’un taxi, d’une location de voiture,\nje peux les aider, assure-t-elle. Certains hôtels\nnous font des tarifs préférentiels. »\n\nPas question, comme aux États-Unis, de choisir\nune donneuse d’ovocytes sur catalogue. De cette\nfemme, qui doit avoir moins de 35 ans, les couples ne\nsauront rien. Pour éviter de rencontrer d’éventuels\nfuturs parents, elle sera même priée d’emprunter\nune petite porte de côté lors de ses examens. « Vous\ncomprenez, on a toujours des fantasmes, dans ces caslà…,\ndécrypte Triada. “Est-ce la nôtre ?”, “Ce n’est\npas comme cela que je l’imaginais”… » En sélectionnant\nla donneuse, la « fée » considérera ses principaux\nphénotypes : « cheveux, yeux, taille, poids, on\nessaie de se rapprocher au maximum de la mère d’intention,\nindique-t-elle. On tiendra compte également\nde l’un des deux groupes sanguins, car beaucoup de\ncouples ne voudront pas révéler à leur enfant le secret\nde sa naissance ». Piercings sur le nez et ongles rose\nfluo, Hélène, 26 ans, est secrétaire à mi-temps dans\nune école. Elle a déjà donné deux fois, et est prête à le\nfaire encore, jusqu’à atteindre les « neuf couples\nmaximum ». « Ce n’est pas tabou, explique cette jeune\ndivorcée mère d’un enfant. Je n’ai rien ressenti et\nje ne veux pas savoir si mon don a débouché sur une\ngrossesse. Je suis simplement heureuse de pouvoir soutenir\nainsi mes amies infertiles. »\n\nSi Iakentro dit tenir quelques centaines de donneuses\nà la disposition des couples, les mères porteuses,\nelles, « se comptent sur les doigts des deux\nmains ». C’est que « nous ne sommes pas des machines\ndans lesquelles on met une pièce et puis il y a un enfant\nqui tombe !, s’émeut Anastasia. Nous, on doit\ndonner de l’amour… » Cette plantureuse brune a arrêté\nson métier de poissonnière, et même les baisers\nà sa famille, pendant neuf mois, tellement elle avait à\ncoeur de « remettre un enfant en bonne santé ». À la\nnaissance, comme la loi l’exige, le bébé a immédiatement\nété confié au couple, muni d’un extrait de naissance\nà leurs deux noms. Et Anastasia, qui ne veut\npas troubler les relations entre le garçonnet et ses\nparents, a décidé de ne plus voir ses amis.\n\nInterdite pour les couples masculins\nSelon la loi, les mères porteuses doivent être soumises\nà un test psychologique. Chez Iakentro, on est\nencore plus rigoureux. « On leur fait passer l’Inventaire\nmultiphasique de personnalité du Minnesota\n(MMPI), comme pour les pilotes d’avion !, s’exclame le\nPr Yannis Prapas. Et on vous donne tous les conseils :\nne pas leur payer toute la somme au début, car s’il y a\nun avortement… Et ne pas faire de cadeaux, sinon la\nmère porteuse pourrait avoir envie d’en demander encore\nplus… » Spécialisée dans les questions de reproduction\nmédicalement assistée, Me Crysa Karagianni,\nqui a « déjà obtenu plus de 200 agréments »,\npromet une décision judiciaire « trois à quatre mois »\naprès la première rencontre. Une fois l’accord validé,\nla mère porteuse « n’aura plus son mot à dire ».\nLes parents, eux, seront obligés de prendre l’enfant,\nmême s’il est handicapé. Dans un pays qui refuse le\nmariage homosexuel, pas question d’autoriser la\nGPA pour les couples masculins. Mais au nom de\n« l’égalité des sexes », Me Karagianni a réussi à négocier,\npar deux fois, pour des hommes célibataires,\nl’autorisation de recourir à une mère porteuse.\n\nCombien de gestations pour autrui ont eu lieu en\nGrèce depuis la promulgation de la loi en 2003 ? Faute\nde nouvelle étude, « nous n’avons pas de chiffres\nrécents », indique Aristides Hatzis, qui avait analysé\n« 92 autorisations judiciaires » dans son rapport de\n2010. Il y a aussi de « nombreuses procédures illégales,\npour éviter les contraintes et les dépenses judiciaires\n»… Chez Iakentro, « l’activité mères porteuses\n(étant) très peu développée par rapport aux FIV », on\nen compte moins d’une dizaine par an. Mais cela\npourrait bien augmenter très vite… « Nous allons envoyer\nun courrier aux gynécologues français pour les\ninformer sur nos méthodes, indique Triada. Depuis la\ndécision de la CEDH, nous avons reçu pas mal de demandes\nde renseignement de couples français… »\nPour répondre à ce téléphone qui n’arrête pas de\nsonner, un nouveau collaborateur, franco-grec, a\nété embauché ce lundi. ■\n\n*Dans des arrêts rendus en juin, la Cour européenne des\ndroits de l’homme a condamné la France pour son refus\nde transcrire les actes de filiation d’enfants nés de mère\nporteuse à l’étranger.', 'LE FIGARO', 'http://www.lefigaro.fr/', 'french_news.png', 2, 1, 1, '', '2014-10-15 19:36:59', '2014-10-15 19:36:59');

-- --------------------------------------------------------

--
-- Table structure for table `events`
--

CREATE TABLE IF NOT EXISTS `events` (
  `id` int(11) NOT NULL AUTO_INCREMENT,
  `label` varchar(100) COLLATE utf8_unicode_ci NOT NULL,
  `description` text COLLATE utf8_unicode_ci,
  `picture` varchar(50) CHARACTER SET latin1 COLLATE latin1_general_ci DEFAULT NULL,
  `ext_link` varchar(255) COLLATE utf8_unicode_ci DEFAULT NULL,
  `is_event` tinyint(1) NOT NULL DEFAULT '1' COMMENT '0 --> publicity, 1--> event',
  `lang_id` int(11) NOT NULL,
  `is_published` tinyint(1) NOT NULL,
  `created_at` timestamp NOT NULL DEFAULT CURRENT_TIMESTAMP,
  `published_at` timestamp NULL DEFAULT NULL,
  PRIMARY KEY (`id`),
  KEY `lang_id` (`lang_id`)
) ENGINE=InnoDB  DEFAULT CHARSET=utf8 COLLATE=utf8_unicode_ci AUTO_INCREMENT=3 ;

--
-- Dumping data for table `events`
--

INSERT INTO `events` (`id`, `label`, `description`, `picture`, `ext_link`, `is_event`, `lang_id`, `is_published`, `created_at`, `published_at`) VALUES
(1, 'συμμετοχή Μαρίας Μηλαπίδου (ΔΝ, Δικηγόρου) στο κεντρικό δελτίο του Mega: παρένθετη μητρότητα.', NULL, NULL, 'http://www.megatv.com/megagegonota/summary.asp?catid=27383&subid=2&pubid=33927609', 0, 2, 1, '2014-09-21 16:06:51', '2014-09-21 16:06:51'),
(2, 'H υποβοηθούμενη αναπαραγωγή στην Ευρώπη: κοινωνικά, ηθικά και νομικά ζητήματα', '<div style="text-align: center">ΝΟΜΙΚΗ ΣΧΟΛΗ – ΤΜΗΜΑ ΙΑΤΡΙΚΗΣ\r\nΑΡΙΣΤΟΤΕΛΕΙΟΥ ΠΑΝΕΠΙΣΤΗΜΙΟΥ ΘΕΣΣΑΛΟΝΙΚΗΣ\r\n(στο πλαίσιο του προγράμματος ΑΡΙΣΤΕΙΑ ΙΙ)\r\n\r\nΟΜΙΛΟΣ ΜΕΛΕΤΗΣ ΙΑΤΡΙΚΟΥ ΔΙΚΑΙΟΥ ΚΑΙ ΒΙΟΗΘΙΚΗΣ\r\n\r\n\r\nΣυνέδριο με θέμα\r\n\r\nH υποβοηθούμενη αναπαραγωγή στην Ευρώπη: κοινωνικά, ηθικά και νομικά ζητήματα\r\n\r\n11 – 13 Δεκεμβρίου 2014\r\n\r\n\r\nΣυνεδριακό Κέντρο Τράπεζας Πειραιώς\r\nΚατούνη 12\r\nΘεσσαλονίκη\r\n\r\n<a href="/resources/files/προγραμμα συνεδρίου ελληνικό.docx" target="_blank">Πρόγραμμα Συνεδρίου</a>\r\n</div>', NULL, NULL, 1, 2, 1, '2014-10-06 21:00:00', '2014-10-06 21:00:00');

-- --------------------------------------------------------

--
-- Table structure for table `info_cat`
--

CREATE TABLE IF NOT EXISTS `info_cat` (
  `id` int(11) NOT NULL AUTO_INCREMENT,
  `tab_id` int(11) NOT NULL,
  `lang_id` int(11) NOT NULL,
  `label` varchar(255) COLLATE utf8_unicode_ci DEFAULT NULL,
  `parent_id` int(1) DEFAULT NULL,
  `is_active` tinyint(1) NOT NULL DEFAULT '0',
  PRIMARY KEY (`id`),
  KEY `tab_id` (`tab_id`),
  KEY `lang_id` (`lang_id`)
) ENGINE=InnoDB  DEFAULT CHARSET=utf8 COLLATE=utf8_unicode_ci AUTO_INCREMENT=12 ;

--
-- Dumping data for table `info_cat`
--

INSERT INTO `info_cat` (`id`, `tab_id`, `lang_id`, `label`, `parent_id`, `is_active`) VALUES
(1, 10, 2, 'ΔΙΕΘΝΗ ΚΕΙΜΕΝΑ', NULL, 1),
(2, 10, 2, 'ΕΥΡΩΠΑΪΚΑ ΚΕΙΜΕΝΑ', NULL, 1),
(3, 10, 2, 'ΕΘΝΙΚΗ ΝΟΜΟΘΕΣΙΑ', NULL, 1),
(4, 13, 2, 'ΣΥΜΒΟΥΛΙΟ ΤΗΣ ΕΥΡΩΠΗΣ', NULL, 1),
(5, 13, 2, 'ΕΥΡΩΠΑΪΚΗ ΕΝΩΣΗ', NULL, 1),
(6, 13, 2, 'ΕΘΝΙΚΟΙ ΦΟΡΕΙΣ', NULL, 1),
(7, 13, 2, 'ΔΙΕΘΝΕΙΣ ΕΝΩΣΕΙΣ ΠΡΟΣΩΠΩΝ', NULL, 1),
(8, 13, 2, 'Steering Committee on Bioethics', 4, 1),
(9, 13, 2, 'IFFS', 7, 1),
(10, 12, 2, NULL, NULL, 1),
(11, 13, 2, 'ΕΘΝΙΚΗ ΕΠΙΤΡΟΠΗ ΒΙΟΗΘΙΚΗΣ', 6, 1);

-- --------------------------------------------------------

--
-- Table structure for table `info_files`
--

CREATE TABLE IF NOT EXISTS `info_files` (
  `id` int(11) NOT NULL AUTO_INCREMENT,
  `cat_id` int(11) NOT NULL,
  `label` varchar(255) COLLATE utf8_unicode_ci DEFAULT NULL,
  `name` varchar(255) COLLATE utf8_unicode_ci NOT NULL,
  `size` int(11) NOT NULL,
  `created_at` datetime NOT NULL,
  PRIMARY KEY (`id`),
  KEY `cat_id` (`cat_id`)
) ENGINE=InnoDB  DEFAULT CHARSET=utf8 COLLATE=utf8_unicode_ci AUTO_INCREMENT=28 ;

--
-- Dumping data for table `info_files`
--

INSERT INTO `info_files` (`id`, `cat_id`, `label`, `name`, `size`, `created_at`) VALUES
(1, 8, 'MEDICALLY ASSISTED PROCREATION\nAND THE PROTECTION OF THE HUMAN EMBRYO COMPARATIVE STUDY ON THE SITUATION, 1998', 'CDBI-INF(98)8PMA.pdf', 522271, '2014-07-06 16:58:32'),
(2, 8, 'THE PROTECTION OF THE HUMAN EMBRYO IN VITRO, 2003', 'CDBI-CO-GT3(2003)13E.pdf', 604665, '2014-07-06 16:58:35'),
(3, 5, 'A Comparative Study on the Regime of Surrogacy in EU Member States, 2013', 'EU Laws Surrogacy.pdf', 3992023, '2014-07-06 16:58:40'),
(4, 9, 'IFFS Surveillance, 2013', 'iffs_surveillance_09-19-13.pdf', 2249872, '2014-07-06 16:58:45'),
(5, 1, 'ΣΥΜΒΑΣΗ ΟΒΙΕΔΟ: Σύμβαση του Συμβουλίου της Ευρώπης για την προστασία των ανθρωπίνων δικαιωμάτων και της αξιοπρέπειας του ατόμου σε σχέση με τις εφαρμογές της βιολογίας και της ιατρικής', 'oviedo_convention_gr.pdf', 311755, '2014-07-14 22:38:51'),
(6, 3, 'ΝΟΜΟΣ 3089/2002: Ιατρική υποβοήθηση στην ανθρώπινη αναπαραγωγή', 'Ν. 3089.2002.pdf', 53525, '2014-07-14 22:42:23'),
(7, 3, 'Αιτιολογική Έκθεση Ν. 3089/2002', 'ΑΙΤ. ΕΚΘΕΣΗ Ν. 3089.pdf', 89414, '2014-07-14 22:42:24'),
(8, 3, 'ΝΟΜΟΣ 3305/2005: Εφαρμογή των μεθόδων ιατρικώς υποβοηθούμενης αναπαραγωγής', 'ΝΟΜΟΣ 3305.2005.pdf', 122034, '2014-07-14 22:54:37'),
(9, 3, 'Αιτιολογική Έκθεση Ν. 3305/2005', 'ΑΙΤ. ΕΚΘΕΣΗ Ν. 3305.2005.pdf', 153070, '2014-07-14 22:54:37'),
(10, 3, 'ΝΟΜΟΣ 4272/2014 (ΦΕΚ Α’ 145/11.7.2014)', 'Ν. 4272.2014.pdf', 203972, '2014-07-15 23:42:56'),
(11, 3, 'Αιτιολογική Έκθεση Ν. 4272/2014', 'ΑΙΤ. ΕΚΘΕΣΗ Ν. 4272_2014.pdf', 666746, '2014-07-15 23:42:56'),
(13, 11, 'ΓΝΩΜΗ: ΣΥΓΧΡΟΝΑ ΖΗΤΗΜΑΤΑ "ΕΠΙΛΟΓΗΣ" ΣΤΗΝ ΑΝΑΠΑΡΑΓΩΓΗ, 7 Ιουλίου 2014', 'OPINION_ISSUES_IN_FERTILISATION_FINAL_GR.pdf', 552320, '2014-09-18 19:01:21'),
(14, 10, 'ΜονΠρωτΘεσ27035/2003: Παρένθετη Μητρότητα', 'ΜονΠρωτΘεσ27035_2003_Παρένθετη Μητρότητα.doc', 94208, '2014-10-08 18:39:51'),
(15, 10, 'ΜονΠρωτΚατερίνης 408/2006: Παρένθετη μητρότητα', 'ΜονΠρωτΚατερίνης 408_2006_Παρένθετη μητρότητα.doc', 63488, '2014-10-08 18:41:49'),
(16, 10, 'ΜονΠρωτΑθ 5146/2007: Μεταθανάτια γονιμοποίηση', 'ΜονΠρωτΑθ 5146_2007_Μεταθανάτια γονιμοποίηση.doc', 55808, '2014-10-08 18:42:47'),
(17, 10, 'ΜονΠρωτΡοδόπης 400/2007: Παρένεθετη μητρότητα', 'ΜονΠρωτΡοδόπης 400_2007_Παρένεθετη μητρότητα.doc', 72192, '2014-10-08 18:43:49'),
(18, 10, 'ΜονΠρωτΑθ 2827/2008: Εναλλακτικά οικογενειακά σχήματα (μοναχικός άνδρας)', 'ΜονΠρωτΑθ 2827_2008_Εναλλακτικά οικογενειακά σχήματα.doc', 65536, '2014-10-08 18:45:19'),
(19, 10, 'ΜονΠρωτΘεσ 395/2009: Παρένθετη μητρότητα', 'ΜονΠρωτΘεσ 395_2009_Παρένθετη μητρότητα.doc', 67584, '2014-10-08 18:46:26'),
(20, 10, 'ΜονΠρωτΘεσ 1657/2009: Παρένθετη μητρότητα', 'ΜονΠρωτΘεσ 1657_2009_Παρένθετη μητρότητα.doc', 57856, '2014-10-08 18:47:31'),
(21, 10, 'ΜονΠρωτΘεσ 13707/2009: Εναλλακτικά οικογενειακά σχήματα (μοναχικός άνδρας)', 'ΜονΠρωτΘεσ 13707_2009_Εναλλακτικά οικογενειακά σχήματα.doc', 44544, '2014-10-08 18:48:24'),
(22, 10, 'ΕφΑθ 335/2010: Εναλλακτικά οικογενειακά σχήματα (μοναχικός άνδρας)', 'ΕφΑθ 335_2010_Εναλλακτικά οικογενειακά σχήματα.doc', 63488, '2014-10-08 18:49:46'),
(23, 10, 'ΜονΠρωτΘεσ 14946/2010: Παρένθετη μητρότητα', 'ΜονΠρωτΘεσ 14946_2010_Παρένθετη μητρότητα.doc', 75264, '2014-10-08 18:50:48'),
(24, 10, 'ΑΠ 823/2013: Συναίνεση', 'ΑΠ 823_2013_Συναίνεση.doc', 61952, '2014-10-08 18:51:37'),
(25, 10, 'ΜονΠρωτΘεσ 7013/2013: Μεταθανάτια γονιμοποίηση', 'ΜονΠρωτΘεσ 7013_2013_Μεταθανάτια γονιμοποίηση.doc', 90624, '2014-10-08 18:52:10'),
(26, 10, 'ΑΠ 898/2014: Συναίνεση (άγαμη γυναίκα)', 'ΑΠ 898_2014_Συναίνεση.doc', 73216, '2014-10-08 18:52:24'),
(27, 10, 'Εφετείου Αθηνών 3357/2010: Αναδρομική «κατάργηση» πατρότητας από το Εφετείο Αθηνών σε περιπτώσεις παρένθετης γέννησης', 'Αναδρομική «κατάργηση» πατρότητας.pdf', 68394, '2014-10-08 19:37:25');

-- --------------------------------------------------------

--
-- Table structure for table `languages`
--

CREATE TABLE IF NOT EXISTS `languages` (
  `id` int(11) NOT NULL AUTO_INCREMENT,
  `locale` varchar(5) COLLATE utf8_unicode_ci NOT NULL,
  `language` varchar(20) COLLATE utf8_unicode_ci NOT NULL,
  PRIMARY KEY (`id`)
) ENGINE=InnoDB  DEFAULT CHARSET=utf8 COLLATE=utf8_unicode_ci AUTO_INCREMENT=3 ;

--
-- Dumping data for table `languages`
--

INSERT INTO `languages` (`id`, `locale`, `language`) VALUES
(1, 'en', 'English'),
(2, 'gr', 'Ελληνικά');

-- --------------------------------------------------------

--
-- Table structure for table `links`
--

CREATE TABLE IF NOT EXISTS `links` (
  `id` int(11) NOT NULL AUTO_INCREMENT,
  `cat_id` int(11) NOT NULL,
  `header` varchar(255) COLLATE utf8_unicode_ci NOT NULL,
  `prepend_text` varchar(255) COLLATE utf8_unicode_ci NOT NULL,
  `link_url` varchar(255) COLLATE utf8_unicode_ci NOT NULL,
  `link_label` varchar(255) COLLATE utf8_unicode_ci NOT NULL,
  `append_text` varchar(255) COLLATE utf8_unicode_ci NOT NULL,
  `is_group` tinyint(1) NOT NULL,
  PRIMARY KEY (`id`),
  KEY `cat_id` (`cat_id`)
) ENGINE=InnoDB  DEFAULT CHARSET=utf8 COLLATE=utf8_unicode_ci AUTO_INCREMENT=233 ;

--
-- Dumping data for table `links`
--

INSERT INTO `links` (`id`, `cat_id`, `header`, `prepend_text`, `link_url`, `link_label`, `append_text`, `is_group`) VALUES
(1, 3, 'ΥΠΕΡΕΘΝΙΚΕΣ και ΔΙΕΘΝΕΙΣ', '', 'http://ec.europa.eu/bepa/european-group-ethics/index_en.htm', 'Ευρωπαϊκή Ένωση: European Group on Ethics', '', 0),
(2, 3, '', '', 'http://www.comstech.org/', 'Ισλαμική Διάσκεψη: Standing Committee on Scientific and Technological Cooperation', '', 0),
(3, 7, '', '', 'http://www.academyofathens.gr/', 'Ακαδημία Αθηνών', '', 0),
(8, 6, '', '', 'http://www.dpa.gr/portal/page?_pageid=33,15048&amp;_dad=portal&amp;_schema=PORTAL', 'Αρχή Προστασίας Δεδομένων Προσωπικού Χαρακτήρα', '', 0),
(13, 6, '', '', 'http://et.diavgeia.gov.gr/f/22960', 'Εθνικό Συμβούλιο Ραδιοτηλεόρασης', '', 0),
(14, 6, '', '', 'http://www.iya.gr/', 'Εθνική Αρχή για την Ιατρικώς Υποβοηθούμενη Αναπαραγωγή', '', 0),
(15, 6, '', '', 'http://www.nchr.gr/', 'Εθνική Επιτροπή για τα Δικαιώματα του Ανθρώπου', '', 0),
(16, 6, '', '', 'http://www.gsrt.gr/central.aspx?sId=119I428I1089I646I488772', 'Επιτροπή Βιοηθικής της Γενικής Γραμματείας Έρευνας &amp; Τεχνολογίας/Υπ. Ανάπτυξης', '', 0),
(18, 6, '', '', 'http://www.eof.gr/web/guest;jsessionid=63f1515aed8100a0f60ba03a0030', 'Εθνικός Οργανισμός Φαρμάκων (Ε.Ο.Φ.)', '', 0),
(20, 6, '', '', 'http://www.nsph.gr/default.aspx?page=home', 'Εθνική Σχολή Δημόσιας Υγείας', '', 0),
(21, 6, '', '', 'http://www.ekt.gr/', 'Εθνικό Κέντρο Τεκμηρίωσης', '', 0),
(23, 6, '', '', 'http://www.synigoros.gr/', 'O Συνήγορος του Πολίτη', '', 0),
(24, 6, '', '', 'http://www.synigoroskatanaloti.gr/', 'Συνήγορος του Καταναλωτή', '', 0),
(25, 6, '', '', 'http://www.moh.gov.gr/', 'Υπουργείο Υγείας και Κοινωνικής Αλληλεγγύης', '', 0),
(29, 7, '', '', 'http://www.fleming.gr/', '«Αλέξανδρος Φλέμινγκ»-Ερευνητικό Κέντρο Βιοϊατρικών Επιστημών', '', 0),
(30, 7, '', '', 'http://bioethics.web.auth.gr/index.php?id=2', 'Δίκτυο «Σύγχρονη Ιατρική Πράξη, Βιοιατρική και Δίκαιο», Α.Π.Θ.', '', 0),
(31, 7, '', '', 'http://www.certh.gr/', 'Εθνικό Κέντρο Έρευνας και Τεχνολογικής Ανάπτυξης (Ε.Κ.Ε.Τ.Α.)', '', 0),
(32, 7, '', '', 'http://www.eie.gr/', 'Εθνικό Ίδρυμα Ερευνών', '', 0),
(33, 7, '', '', 'http://www.nagref.gr/', 'Ε.Θ.Ι.Α.Γ.Ε.', '', 0),
(34, 7, '', '', 'http://www.demokritos.gr/', 'Ε.Κ.Ε.Φ.Ε. ΔΗΜΟΚΡΙΤΟΣ', '', 0),
(35, 7, '', '', 'http://www.bioacademy.gr/', 'Ίδρυμα Ιατροβιολογικών Ερευνών της Ακαδημίας Αθηνών', '', 0),
(37, 8, '', '', 'http://www.bioethics.org.gr/', 'Επιτροπή Βιοηθικής της Εκκλησίας της Ελλάδος', '', 0),
(38, 8, '', '', 'http://www.icu.gr/', 'Ελληνική Εταιρία Εντατικής Θεραπείας', '', 0),
(39, 8, '', '', 'http://www.eae.gr/new2/index.asp', 'Ελληνική Αιματολογική Εταιρία', '', 0),
(40, 8, '', '', 'http://www.hsog.gr/', 'Ελληνική Μαιευτική και Γυναικολογική Εταιρία', '', 0),
(41, 8, '', '', 'http://www.parents.gr/forum/showthread.php?t=81149', 'Ελληνική Εταιρεία Ψυχικής Υγείας στην Υποβοηθούμενη Αναπαραγωγή', '', 0),
(42, 8, '', '', 'http://www.nuclear-medicine.gr/', 'Ελληνική Εταιρία Πυρηνικής Ιατρικής &amp; Βιολογίας', '', 0),
(43, 8, '', '', 'http://www.psych.gr/', 'Eλληνική Ψυχιατρική Εταιρία', '', 0),
(44, 8, '', '', 'http://www.isathens.gr/', 'Ιατρικός Σύλλογος Αθηνών', '', 0),
(45, 8, '', '', 'http://www.mednet.gr/', 'Ιατρική Εταιρία Αθηνών', '', 0),
(46, 8, '', '', 'http://www.eugenfound.edu.gr/frontoffice/portal.asp?cpage=NODE&amp;cnode=1', 'Ίδρυμα Ευγενίδου', '', 0),
(47, 8, '', '', 'http://www.ich.gr/en/', 'Ινστιτούτο Υγείας Παιδιού', '', 0),
(48, 8, '', '', 'http://www.newinka.gr/', 'Ινστιτούτο Καταναλωτή', '', 0),
(49, 8, '', '', 'http://www.nomosphysis.org.gr/', 'NOMOΣ + ΦΥΣΗ', '', 0),
(50, 8, '', '', 'http://www.pis.gr/', 'Πανελλήνιος Ιατρικός Σύλλογος', '', 0),
(51, 8, '', '', 'http://www.sige.gr/newgr/', 'Σύνδεσμος Ιατρικών Γενετιστών Ελλάδος', '', 0),
(52, 9, '', '', 'http://www.mdmgreece.gr/', 'Γιατροί του Κόσμου', '', 0),
(53, 9, '', '', 'http://www.msf.gr/', 'Γιατροί Χωρίς Σύνορα', '', 0),
(54, 9, '', '', 'http://www.hlhr.gr/', 'Ελληνική Ένωση για τα Δικαιώματα του Ανθρώπου ', '', 0),
(55, 9, '', '', 'http://www.redcross.gr/', 'Ελληνικός Ερυθρός Σταυρός', '', 0),
(56, 9, '', '', 'http://www.mfhr.gr/', 'Ίδρυμα Μαραγκοπούλου για τα Δικαιώματα του Ανθρώπου', '', 0),
(57, 9, '', '', 'http://www.kostakismesogitis.gr/', 'Σύνδεσμος Αιμοδοτών-Δωρητών Οργάνων Σώματος &amp; Μέριμνας Υγείας ΚΩΣΤΑΚΗΣ ΜΕΣΟΓΙΤΗΣ', '', 0),
(58, 9, '', '', 'http://www.kethi.gr/', 'Σύνδεσμος για τα Δικαιώματα της Γυναίκας ', '', 0),
(59, 9, '', '', 'http://actupathens.blogspot.gr/', 'ACT UP-Δράσε Hellas', '', 0),
(60, 9, '', '', 'http://www.etcgroup.org/', 'Action Group on Erosion Technology and Concentration', '', 0),
(61, 9, '', '', 'http://www.councilforresponsiblegenetics.org/', 'Council for Responsible Genetics', '', 0),
(62, 9, '', '', 'http://www.genet-info.org/', 'European NGO Network on Genetic Engineering', '', 0),
(63, 9, '', '', 'http://www.genewatch.org/', 'GeneWatch UK', '', 0),
(64, 9, '', '', 'http://www.grain.org/', 'GRAIN', '', 0),
(65, 9, '', '', 'http://www.greenpeace.org/greece/el/', 'Greenpeace, Hellas', '', 0),
(66, 9, '', '', 'http://www.hgalert.org/', 'Human Genetics Alert', '', 0),
(67, 9, '', '', 'http://www.ipcb.org/', 'Indigenous Peoples Council on Biocolonialism', '', 0),
(68, 9, '', '', 'http://www.parentsguidecordblood.org/', 'Parent''s Guide to Cord Blood Foundation', '', 0),
(69, 9, '', '', 'http://www.i-sis.org.uk/index.php', 'The Institute of Science in Society', '', 0),
(70, 9, '', '', 'http://www.wwf.gr/el/', 'WWF', '', 0),
(71, 10, 'Πύλες', '', 'http://www.bioethics-today.org/', 'Bioethics Today', '', 0),
(72, 10, '', '', 'http://www.bioethics.net/', 'Bioethics Web', '', 0),
(73, 10, '', '', 'http://www.lawgenecentre.org/', 'Center for Law and Genetics', '', 0),
(74, 10, '', '', 'http://www.ethicsweb.ca/', 'Ethics Web', '', 0),
(75, 10, '', '', 'http://genethics.ca/', 'Genethics', '', 0),
(76, 10, 'Βάσεις Δεδομένων', '', 'http://www.eric-on-line.co.uk/index.php', 'Ethics Research Information Catalogue ', '', 0),
(77, 10, '', '', 'http://www.phgfoundation.org/', 'Genetics Policy Database at PHGU', '', 0),
(78, 10, '', '', 'http://www.humgen.umontreal.ca/home', 'HumGen', '', 0),
(79, 10, '', '', 'https://europa.eu/sinapse/sinapse/index.cfm?', 'Sinapse', '', 0),
(80, 11, 'Βιοηθική', '', 'http://onlinelibrary.wiley.com/journal/10.1111/(ISSN)1467-8519', 'Bioethics', '', 0),
(81, 11, '', '', 'http://www.aslme.org/Back_Issues_And_Articles?journal=JLME', 'Journal of Law, Medicine and Ethics', '', 0),
(83, 11, '', '', 'http://jme.bmj.com/', 'Journal of Medical Ethics', '', 0),
(84, 11, '', '', 'http://bioethicsreview.uoc.gr/index.html', 'Review of Bioethics', '', 0),
(85, 11, '', '', 'http://www.tandfonline.com/toc/uajb20/current#.U2ond_kyZ4Q', 'The American Journal of Bioethics', '', 0),
(86, 11, 'Γενικά', '', 'http://www.bmj.com/', 'British Medical Journal', '', 0),
(87, 11, '', '', 'http://www.hss.ed.ac.uk/', 'Genomics, Society and Policy', '', 0),
(88, 11, '', '', 'http://www.nature.com/nature/index.html', 'Nature', '', 0),
(89, 11, '', '', 'http://www.tandfonline.com/toc/cngs20/current#.U2ooFfkyZ4Q', 'New Genetics and Society', '', 0),
(90, 11, '', '', 'http://www.sciencemag.org/', 'Science', '', 0),
(91, 11, '', '', 'http://www.thelancet.com/journals/lancet/issue/current', 'The Lancet', '', 0),
(92, 11, '', '', 'http://www.press.uchicago.edu/journals.html', 'The American Journal of Human Genetics ', '', 0),
(93, 11, '', '', 'http://jama.jamanetwork.com/journal.aspx', 'The Journal of the American Medical Association ', '', 0),
(94, 11, '', '', 'https://www.mja.com.au/', 'The Medical Journal of Australia', '', 0),
(95, 11, '', '', 'http://www.nejm.org/', 'The New England Journal of Medicine', '', 0),
(96, 3, '', '', 'http://www.coe.int/T/DG3/Healthbioethic/cdbi/default_en.asp', 'Συμβούλιο της Ευρώπης, Committee on Bioethics (DH-BIO)', '', 0),
(97, 3, '', '', 'http://www.unesco.org/new/en/social-and-human-sciences/themes/bioethics/', 'ΟΥΝΕΣΚΟ', '', 0),
(98, 3, 'A', 'ALBANIA: Albanian Committee of Bioethics', '', '', '', 0),
(99, 3, '', 'ALGERIA: Conseil National de l’ Ethique des Sciences et de la Santé', '', '', '', 0),
(100, 3, '', 'ARGENTINA: National Committee of Ethics in Science and Technology (CECTE)', '', '', '', 0),
(101, 3, '', 'AUSTRALIA:', 'http://www.nhmrc.gov.au/health-ethics', 'Australian Health Ethics Committee (AHEC)', '', 0),
(102, 3, '', 'AUSTRIA: ', 'http://www.bka.gv.at/site/3575/default.aspx', 'Austrian Commission on Bioethics', '', 0),
(103, 3, 'B', 'BELARUS: National Bioethics Commitee of the Republic of Belarus', '', '', '', 0),
(104, 3, '', 'BELGIUM: ', 'http://www.health.belgium.be/', 'Belgian Advisory Committee on Bioethics', '', 0),
(105, 3, '', 'BENIN: ', 'http://www.ethique-sante.org/', 'Comite National Provisoire d''Ethique pour la Recherche en Sante', '', 0),
(106, 3, '', 'BOLIVIA: The National Ethics and Bioethics Steering Committee, Bolivian Academy of Medicine', '', '', '', 0),
(107, 3, '', 'BRAZIL: ', 'http://www.conselho.saude.gov.br/Web_comissoes/conep/index.html', 'National Bioethics Commission of Brazil', '', 0),
(108, 3, '', 'BULGARIA: ', 'http://www.bio-ethics.net/en', 'Bulgarian Center for Bioethics', '', 0),
(109, 3, 'C', 'CANADA:', 'http://www.bioethics.ca/', 'Commission de l''ethique de la Science et de la technologie', '', 1),
(110, 3, '', '', 'http://www.ncehr-cnerh.org/', 'National Council on Ethics in Human Research', '', 1),
(111, 3, '', 'COREA : ', 'http://www.koreabioethics.net/', 'The Korean Bioethics Association', '', 0),
(112, 3, '', 'COTE D’ IVOIRE: Comité Consultatif National de Bioéthique de la Republique de Côte d’ lvoire', '', '', '', 0),
(113, 3, '', 'CUBA: Cuban National Commission for Bioethics', '', '', '', 0),
(114, 3, '', 'CYPRUS: ', 'http://www.bioethics.gov.cy/Law/cnbc/cnbc.nsf/DMLindex_gr/DMLindex_gr?OpenDocument', ' Εθνική Επιτροπή Βιοηθικής Κύπρου', '', 0),
(115, 3, '', 'CZECH REPUBLIC: ', 'http://www.vyzkum.cz/Default.aspx?lang=en', 'Bioethical Commission of the Research and Development Council', '', 0),
(116, 3, 'D', 'DENMARK: ', 'http://www.etiskraad.dk/', 'Danish Council of Ethics', '', 0),
(117, 3, '', 'DOMINICAN REPUBLIC: Comisión National de Bioética', '', '', '', 0),
(118, 3, 'E', 'ECUADOR: Comité National de Bioética del Ecuador', '', '', '', 0),
(119, 3, '', 'EGYPT: ', 'http://www.egnatcom.org.eg', 'Egyptian National Commission for Education,Culture and Science', '', 0),
(120, 3, '', 'ETHIOPIA: National Ethical Clearance Committee, NECC', '', '', '', 0),
(121, 3, '', 'ESTONIA: ', 'http://www.eetikakeskus.ut.ee/en/estonian-council-bioethics-0', 'The Estonian Council on Bioethics', '', 0),
(122, 3, 'F', 'FINLAND:', 'http://www.etene.fi/en/about_us?textsize=4', ' National Advisory Board on Health Care Ethics (ETENE), Ministry of Social Affairs and Health', '', 1),
(123, 3, '', '', 'http://www.tenk.fi/', 'National Advisory Board on Research Ethics', '', 1),
(124, 3, '', 'FRANCE: ', 'http://www.ccne-ethique.fr/', 'Comite Consultatif National d’Ethique (CCNE)', '', 0),
(125, 3, 'G', 'GAMBIA : Gambia Government/MRC Ethics Committee', '', '', '', 0),
(126, 3, '', 'GEORGIA: National Bioethics Council of Georgia, NBCG', '', '', '', 0),
(127, 3, '', 'GERMANY:', 'http://www.ethikrat.org/welcome?set_language=en', 'German Ethics Council', '', 0),
(128, 3, '', 'GREECE: ', 'http://www.bioethics.gr/index.php?category_id=2', 'Εθνική Επιτροπή Βιοηθικής', '', 0),
(129, 3, 'H', 'HUNGARY: The Hungarian Medical Research Council, Scientific and Research Ethics Committee', '', '', '', 0),
(130, 3, 'I', 'ICELAND: ', 'http://www.visindasidanefnd.is/', 'The National Bioethics Committee', '', 0),
(131, 3, '', 'INDIA: ', 'http://www.icmr.nic.in/', 'Indian Council of Medical Research', '', 0),
(132, 3, '', 'INDONESIA: ', 'http://abc-9th.blogspot.gr/', 'Indonesian National Bioethics Commission ', '', 0),
(133, 3, '', 'IRAN: Committee of Bioethics, National Committee for Ethics in Science and Technology', '', '', '', 0),
(134, 3, '', 'IRELAND: ', 'http://www.dohc.ie/issues/nacb/', 'National Advisory Committee on Bioethics (IRELAND) ', '', 0),
(135, 3, '', 'ISRAEL: ', 'http://www.academy.ac.il/', 'Bioethics Advisory Committee of the Israel Academy of Science &amp; Technology', '', 0),
(136, 3, '', 'ITALY: ', 'http://www.palazzochigi.it/bioetica/eng/index.html', 'Italian National Bioethics Committee', '', 0),
(137, 3, 'J', 'JAPAN: ', 'http://www.mext.go.jp/english/', 'Bioethics Committee. Council for Science and Technology', '', 0),
(138, 3, 'L', 'LATVIA: Latvian Central Medical Ethics Committee', '', '', '', 0),
(139, 3, '', 'LITHUANIA: ', 'http://bioetika.sam.lt/', 'Lithuanian Bioethics Committee', '', 0),
(140, 3, '', 'LUXEMBOURG: ', 'http://www.cne.public.lu/', 'CNE – Commission Nationale d’Ethique', '', 0),
(141, 3, 'M', 'MALTA: ', 'http://www.gov.mt/en/Government/DOI/Pages/Department-of-Information.aspx/en/bodies/committees/bioethics.asp', 'Bioethics Consultative Committee', '', 0),
(142, 3, '', 'MEXICO: ', 'http://www.conbioetica-mexico.salud.gob.mx/interior/ingles/ingles.html', 'Comision Nacional de Bioetica (National Commission of Bioethics) ', '', 0),
(143, 3, 'N', 'NEW-ZEALAND: ', 'http://ethics.health.govt.nz/', 'New Zealand Ethics Committees', '', 0),
(144, 3, '', 'NORWAY: ', 'https://www.etikkom.no/en/In-English/', 'Forskningsetiske komiteer-Norwegian,  National Committee for Medical Research Ethics', '', 0),
(145, 3, '', 'NORDIC COUNTRIES: ', 'http://ncbio.org/nordisk/', 'Nordic Committee on Bioethics', '', 0),
(146, 3, 'P', 'POLAND: ', 'http://www.kb.mz.gov.pl/', 'Bioethics Appeals Commission', '', 0),
(147, 3, '', 'PORTUGAL: ', 'http://www.cnecv.pt/?locale=en', 'Conselho Nacional de Etica par as Ciencias da Vida, National Council of Ethics for the Life Sciences', '', 0),
(148, 3, '', 'PHILIPPINES: ', 'http://www.pchrd.dost.gov.ph/', 'Philippine Council for Health Research and Development', '', 0),
(149, 3, 'R', 'ROMANIA: ', 'http://www.cnr-unesco.ro/ro/index.php', 'The National Research Ethics Council', '', 0),
(150, 3, '', 'RUSSIA (Russian Federation): ', 'http://www.bioethics.ru/eng/', 'Bioethical Forum', '', 0),
(151, 3, 'S', 'SINGAPORE: Bioethics Advisory Committee (BAC)', '', '', '', 0),
(152, 3, '', 'SLOVAKIA: ', 'http://www.health.gov.sk/Titulka', 'Central Ethics Committee of the Ministry of Health', '', 0),
(153, 3, '', 'SLOVENIA: ', 'http://www.kme-nmec.si/', 'National Medical Ethics Committee (KME / NMEC)', '', 0),
(154, 3, '', 'SPAIN: ', 'http://www.comitedebioetica.es/?lang=en_US', 'Spanish Bioethics Committee', '', 0),
(155, 3, '', 'SWEDEN: ', 'http://www.smer.se/Bazment/2.aspx', 'The Swedish National Council on Medical Ethics (SMER)', '', 0),
(156, 3, '', 'SWITZERLAND:', 'http://www.ekah.admin.ch/en/index.html', 'Federal Ethics Committee on Non-Human Biotechnology ECNH', '', 1),
(157, 3, '', '', 'http://www.samw.ch/de/Aktuell/News.html', 'The Central Ethics Committee of the Swiss Academy of Medical Science', '', 1),
(158, 3, '', '', 'http://www.bag.admin.ch/nek-cne/index.html?lang=en', 'Swiss National Advisory Commission on Biomedical Ethics', '', 1),
(159, 3, 'T', 'TAIWAN: ', 'http://www.most.gov.tw/', 'National Science Council', '', 0),
(160, 3, '', 'THE NETHERLANDS: ', 'http://www.gezondheidsraad.nl/en', 'The Health Council of the Netherlands', '', 0),
(161, 3, '', 'TURKEY: Bioethics Committee - UNESCO', '', '', '', 0),
(162, 3, 'U', 'UNITED KINGDOM:', 'http://www.nuffieldbioethics.org/', 'Nuffield Council on Bioethics', '', 1),
(163, 3, '', '', 'http://www.hgc.gov.uk/', 'Human Genetics Commission', '', 1),
(164, 3, '', '', 'http://www.schb.org.uk/', 'Scottish Council on Human Bioethics', '', 1),
(165, 3, '', 'UNITED STATES OF AMERICA: ', 'http://www.bioethics.gov/', 'The Presidential Commission for the Study of Bioethical Issues', '', 0),
(166, 4, 'ΕΥΡΩΠΗ', '', 'http://law-constitution.web.auth.gr/bio-mel/dpms/', 'Διεπιστημονικό Δίκτυο: ΣΥΓΧΡΟΝΗ ΙΑΤΡΙΚΗ ΠΡΑΞΗ, ΒΙΟΪΑΤΡΙΚΗ ΚΑΙ ΔΙΚΑΙΟ', '- Αριστοτέλειο Πανεπιστήμιο Θεσσαλονίκης, Ελλάδα', 0),
(167, 4, '', '', 'http://bioethics.fks.uoc.gr/', 'ΠΜΣ Βιοηθικής', '- Πανεπιστήμιο Κρήτης,  Ελλάδα', 0),
(168, 4, '', '', 'https://med.kuleuven.be/nl/eng/erasmus-mundus-bioethics', 'Erasmus Mundus Master of Bioethics', '- Univerisity of Leuven, Βέλγιο', 0),
(169, 4, '', '', 'http://www.u-psud.fr/fr/les_formations/les_formations_par_diplome/masters/ethique_sciences_sante_societe.html', 'Master Ethique, Science, Sante &amp; Societe ', '- Universite Paris Sud II, Γαλλία', 0),
(170, 4, '', '', 'http://www.shef.ac.uk/law/prospective/pgt/pgprogrammes/biotech', 'Master in Biotechnological Law and Ethics', '- The University of Sheffield, Αγγλία', 0),
(171, 4, '', '', 'http://www.uu.nl/EN/faculties/Pages/default.aspx', 'Master in Applied Ethics', '- Utrecht University, Ολλανδία', 0),
(172, 4, '', '', 'http://www.uniroma1.it/didattica/master/bioetica-clinica-applicata', 'Bioetica Clinica Applicata', '- Univeristy of Rome, La Sapienza, Corsi Master,  Ιταλία', 0),
(173, 4, '', '', 'http://www.di-uni.de/index.php?id=90', 'LL.M Medizinrecht', '- Dresden International University, Γερμανία', 0),
(174, 4, '', '', 'http://imr.duslaw.de/llm-medizinrecht.html', 'LL.M Medizinrecht', '- Universitat Dusseldorf, Γερμανία', 0),
(175, 4, '', '', 'http://www.uni-muenster-llm.de/medizinrecht.html', 'LL.M. Medizinrecht', '- Universitat Munster, Γερμανία', 0),
(176, 4, '', '', 'http://web.upcomillas.es/eng/estudios/estu_mast_bio.aspx?idIdioma=ENG', 'Master in Bioethics', '- Universidad Pontificia Comillas, Ισπανία', 0),
(177, 4, '', '', 'http://www.liu.se/ikk/cte/master-in-applied-ethics?l=en', 'Master in Applied Ethics', '- Linkoping University, Σουηδία', 0),
(178, 4, 'ΑΜΕΡΙΚΗ', '', 'http://clinicalbioethics.georgetown.edu/', 'Joint doctor of Medicine and Masters Program', '- Georgetown University, Center for Clinical Bioethics', 0),
(179, 4, '', '', 'http://www.ahc.umn.edu/bioethics/education/gradprogram/home.html', 'M.A. Program in Bioethics', '- University of Minnesota, Centre for Bioethics', 0),
(180, 4, '', '', 'http://medicalethics.med.upenn.edu/education/master-of-bioethics-mbe', 'Master of Bioethics', '- University of Pennsylvania, Center for Bioethics', 0),
(181, 4, '', '', 'http://medicalethics.med.upenn.edu/education/ms-in-medical-ethics-msme', 'Master of Science in Medical Ethics', '- University of Pennsylvania, Center for Bioethics', 0),
(182, 4, '', '', 'http://ce.columbia.edu/Bioethics', 'Master of Science in Bioethics', '- Columbia University', 0),
(183, 4, '', '', 'http://www.einstein.yu.edu/education/bioethics/', 'M.Sc in Bioethics', '- Yeshiva University, Albert Einstein College of Medicine', 0),
(184, 4, '', '', 'http://reg.msu.edu/academicprograms/ProgramDetail.asp?Program=2834&amp;PType=DP', 'Master of Arts in Bioethics', '- Michigan State University, Humanities and Society', 0),
(185, 4, '', '', 'http://louisville.edu/bioethics/masters-program', 'Interdisciplinary Master of Arts in Bioethics and Medical Humanities', '- University of Louisville', 0),
(186, 4, '', '', 'http://slu.edu/x56184.xml', 'LLM in Health Law', '- Saint-Louis University', 0),
(187, 4, '', '', 'http://www.law.uh.edu/llm/health.asp', 'LLM in Health Law', '- University of Houston, Health Law and Policy Institute', 0),
(188, 4, '', '', 'http://www.bioethics.pitt.edu/academic-programs/ma-bioethics.php', 'Interdisciplinary Master of Arts in Bioethics', '- University of Pittsburgh', 0),
(189, 4, '', '', 'http://graduate.tiu.edu/academics/programs/master-of-arts-in-bioethics/index.dot', 'Master in Bioethics', '- Trinity International University', 0),
(190, 4, '', '', 'http://bioethics.uniongraduatecollege.edu/program-research.aspx', 'Master with specialization in research Ethics', '- Union Graduate College, Mount Sinai School of Medicine', 0),
(191, 4, '', '', 'http://www.amc.edu/Academic/bioethics/educational_programs/graduate_programs/degrees_certificates/master_science_bioethics.cfm', 'Master of Science in Bioethics', '- Albany Medical College', 0),
(192, 4, 'ΚΑΝΑΔΑΣ', '', 'http://jointcentreforbioethics.ca/education/mhsc.shtml', 'Master of Health Science in Bioethics', '- University of Toronto - Joint Centre for Bioethics', 0),
(193, 4, '', '', 'http://www.bioethique.umontreal.ca/', 'Programmes de Bioethique', '- University of Montreal', 0),
(194, 4, 'ΑΣΙΑ', '', 'http://cbme.nus.edu.sg/edu_postgrad.html', 'Master in Bioethics', '- Nus University of Signapore, Center of Bioethics, Σιγκαπούρη', 0),
(195, 4, 'ΑΥΣΤΡΑΛΙΑ', '', 'http://www.monash.edu.au/study/coursefinder/course/0122/', 'Master οf Bioethics', '- Monash University, Αυστραλία', 0),
(196, 5, '', '', 'http://www.aem-online.de/', 'Academy for Ethics in Medicine (AEM)', ', Göttingen, Germany', 0),
(197, 5, '', '', 'http://www.bio-ethics.net/', 'Bulgarian Center for Bioethics', ', Sofia, Bulgaria', 0),
(198, 5, '', '', 'http://www.genomicsnetwork.ac.uk/cesagen/', 'Centre for Economic and Social aspects of Genomics', ', Lancaster and Cardiff, UK', 0),
(199, 5, '', '', 'http://www.cishe.cardiff.ac.uk/', 'Cardiff Institute of Society, Health and Ethics', ', Cardiff, UK', 0),
(200, 5, '', '', 'http://www.ccels.cardiff.ac.uk/', 'Cardiff Centre for Ethics, Law and Society', ', Cardiff, UK', 0),
(201, 5, '', '', 'http://www.ethics.ubc.ca/', 'W. Maurice Young Centre for Applied Ethics, University of British Columbia', ', Vancouver, BC, Canada', 0),
(202, 5, '', '', 'http://www.uni-muenster.de/Bioethik/', 'Centre for Bioethics (CfB)', ', Munster, Germany', 0),
(203, 5, '', '', 'http://cbhd.org/', 'Center for Bioethics and Human Dignity', ', Deerfield, IL, USA', 0),
(204, 5, '', '', 'http://www.ahc.umn.edu/bioethics/', 'Center for Bioethics, Univeristy of Minnesota', ', Minneapolis, MN, USA', 0),
(205, 5, '', '', 'http://gbiomed.kuleuven.be/english/research/50000687/50000697', 'Centre for Biomedical Ethics and Law (CBMER)', ', Leuven, Netherlands', 0),
(206, 5, '', '', 'http://www.eetikakeskus.ut.ee/et?eng=', 'Centre for Ethics, University of Tartu', ', Tartu, Estonia', 0),
(207, 5, '', '', 'http://www.ceu.hu/', 'Center for Ethics and Law in Biomedicine (CELAB)', ', Budapest, Hungary', 0),
(208, 5, '', '', 'http://www.ethiclaw.dk/', 'Center for Ethics and Law in Nature and Society', ', Copenhagen, Denmark', 0),
(209, 5, '', '', 'http://www.medizinethik-bochum.de/english/index.html', 'Center for Medical Ethics Bochum (ZME)', ', Bochum, Germany', 0),
(210, 5, '', '', 'http://www.dcu.ie/', 'DCU Institute of Ethics', ', Dublin, Ireland', 0),
(211, 5, '', '', 'http://www.uu.nl/faculty/humanities/NL/organisatie/departementen/dept-filosofie-en-religiewetenschap/EthiekInstituut/Pages/default.aspx', 'Ethiek instituut, Univeristy of Utrecht', ', Utrecht, Netherlands', 0),
(212, 5, '', '', 'http://www.ethox.org.uk/', 'Ethox Centre (ETHOX)', ', Oxford, UK', 0),
(213, 5, '', '', 'http://www.drze.de/', 'German Reference Centre for Ethics in the Life Sciences (DRZE)', ', Bonn, Germany', 0),
(214, 5, '', '', 'http://www.ruhr-uni-bochum.de/malakow/index.htm', 'Institute for Medical Ethics and History of Medicine', ', Ruhr-University Bochum, Bochum, Germany', 0),
(215, 5, '', '', 'http://www.nottingham.ac.uk/iss/index.aspx', 'Institute for Science and Society, University of Nottingham', ', Nottingham, UK', 0),
(216, 5, '', '', 'http://www.ierm.at/', 'Institut fuer Ethik und Recht in der Medizin - Universitaet Wien', ', Vienna, Austria', 0),
(217, 5, '', '', 'http://www.imew.de/', 'Institute Human, Ethics and Science (IMEW)', ', Berlin, Germany', 0),
(218, 5, '', '', 'http://www.fcs.es/', 'Institute of Bioethics at the Foundation for Health Sciences', ', Madrid, Spain', 0),
(219, 5, '', '', 'http://www.ethik.uzh.ch/ibme_en.html', 'Institute of Biomedical Ethics (IBME)', ', Zurich, Switzerland', 0),
(220, 5, '', '', 'http://www.iwe.uni-bonn.de/', 'Institute of Science and Ethics (IWE)', ', Bonn, Germany', 0),
(221, 5, '', '', 'http://www.uni-ulm.de/med/institut-fuer-geschichte-theorie-und-ethik-der-medizin.html', 'Institute of the History, Philosophy and Ethics of Medicine', ', Ulm, Germany', 0),
(222, 5, '', '', 'http://www.yale.edu/bioethics/', 'Interdisciplinary Center for Bioethics, Yale University', ', New Haven, CT, USA', 0),
(223, 5, '', '', 'http://www.mer.uni-halle.de/', 'Interdsiciplinary Center of Medicine-Ethics-Law at Martin-Luther-University Halle-Wittenberg', ', Halle (Saale), Germany', 0),
(224, 5, '', '', 'http://crib.ulb.ac.be/', 'Interdisciplinary Research Centre of Bioethics (CRIB)', ', Bruxelles, Belgium', 0),
(225, 5, '', '', 'http://jointcentreforbioethics.ca/', 'Joint Center for Bioethics, Univeristy of Toronto', ', Toronto, Canada', 0),
(226, 5, '', '', 'http://www.nuffieldbioethics.org/', 'Nuffield Council on Bioethics', ', London, UK', 0),
(227, 5, '', '', 'http://www.sheffield.ac.uk/law/research/clusters/sible', 'Sheffield Institute for Biotechnological Law and Ethics (SIBLE)', ', Sheffield, UK', 0),
(228, 5, '', '', 'http://www.thehastingscenter.org/', 'The Hastings Center', ', Washington, DC, USA ', 0),
(229, 5, '', '', 'https://kennedyinstitute.georgetown.edu/', 'The Kennedy Institute of Ethics, Georgetown University', ', Washington, DC, USA', 0),
(230, 5, '', '', 'http://www.ethik.uzh.ch/index_en.html', 'The Zurich University Centre for Ethics (ZUCE)', ', Zurich, Switzerland', 0),
(231, 8, '', '', 'http://www.medlaw-bioethics.gr/', 'Όμιλος Μελέτης Ιατρικού Δικαίου και Βιοηθικής', '', 0),
(232, 7, '', '', 'http://www.in-fercit.gr/', 'ΙΝ-FERCIT:', '(Υπο)γόνιμοι πολίτες: Αντιλήψεις, πρακτικές και τεχνολογίες της υποβοηθούμενης αναπαραγωγής στην Ελλάδα. Μια δι-επιστημονική και συγκριτική προσέγγιση', 0);

-- --------------------------------------------------------

--
-- Table structure for table `link_categories`
--

CREATE TABLE IF NOT EXISTS `link_categories` (
  `id` int(11) NOT NULL AUTO_INCREMENT,
  `label` varchar(255) COLLATE utf8_unicode_ci NOT NULL,
  `lang_id` int(11) NOT NULL,
  `position` int(11) NOT NULL,
  `is_active` tinyint(1) NOT NULL,
  PRIMARY KEY (`id`),
  KEY `lang_id` (`lang_id`)
) ENGINE=InnoDB  DEFAULT CHARSET=utf8 COLLATE=utf8_unicode_ci AUTO_INCREMENT=12 ;

--
-- Dumping data for table `link_categories`
--

INSERT INTO `link_categories` (`id`, `label`, `lang_id`, `position`, `is_active`) VALUES
(3, 'Επιτροπές Βιοηθικής', 2, 1, 1),
(4, 'Εκπαίδευση στη Bιοηθική', 2, 2, 1),
(5, 'Ινστιτούτα Βιοηθικής', 2, 3, 1),
(6, 'Δημόσιοι Φορείς', 2, 4, 1),
(7, 'Ακαδημαϊκοί Φορείς', 2, 5, 1),
(8, 'Άλλοι Επιστημονικοί Φορείς', 2, 6, 1),
(9, 'Μη Κυβερνητικές Οργανώσεις (Μ.Κ.Ο.)', 2, 7, 1),
(10, 'Πύλες και Βάσεις Δεδομένων', 2, 8, 1),
(11, 'Περιοδικά', 2, 9, 1);

-- --------------------------------------------------------

--
-- Table structure for table `menu_subtabs`
--

CREATE TABLE IF NOT EXISTS `menu_subtabs` (
  `id` int(11) NOT NULL AUTO_INCREMENT,
  `tab_id` int(11) NOT NULL,
  `label` varchar(160) COLLATE utf8_unicode_ci NOT NULL,
  `description` varchar(255) COLLATE utf8_unicode_ci DEFAULT NULL,
  `link` varchar(100) COLLATE utf8_unicode_ci DEFAULT NULL,
  `header` varchar(50) COLLATE utf8_unicode_ci DEFAULT NULL,
  `is_divided` tinyint(4) NOT NULL DEFAULT '0',
  `is_active` tinyint(4) NOT NULL DEFAULT '0',
  `subtab_position` smallint(6) NOT NULL,
  PRIMARY KEY (`id`),
  KEY `tab_id` (`tab_id`)
) ENGINE=InnoDB  DEFAULT CHARSET=utf8 COLLATE=utf8_unicode_ci AUTO_INCREMENT=18 ;

--
-- Dumping data for table `menu_subtabs`
--

INSERT INTO `menu_subtabs` (`id`, `tab_id`, `label`, `description`, `link`, `header`, `is_divided`, `is_active`, `subtab_position`) VALUES
(10, 6, 'ΝΟΜΟΘΕΣΙΑ', NULL, 'legislation', NULL, 0, 1, 1),
(11, 6, 'ΕΥΡΩΠΑΙΚΩΝ ΔΙΚΑΣΤΗΡΙΩΝ', NULL, 'europeanCourts', 'ΝΟΜΟΛΟΓΙΑ', 1, 1, 2),
(12, 6, 'ΕΘΝΙΚΩΝ ΔΙΚΑΣΤΗΡΙΩΝ', NULL, 'nationalCourts', NULL, 0, 1, 2),
(13, 6, 'ΚΕΙΜΕΝΑ', 'Γνώμες και θέσεις', 'texts', NULL, 1, 1, 3),
(14, 6, 'ΒΙΒΛΙΟΓΡΑΦΙΑ', NULL, 'bibliography', NULL, 0, 1, 4),
(15, 6, 'ΜΕΛΕΤΕΣ', NULL, 'studies', NULL, 0, 1, 5),
(16, 4, 'ΕΚΔΗΛΩΣΕΙΣ', NULL, 'events', NULL, 0, 1, 1),
(17, 4, 'ΔΗΜΟΣΙΟΤΗΤΑ', NULL, 'publicity', NULL, 0, 1, 2);

-- --------------------------------------------------------

--
-- Table structure for table `menu_tabs`
--

CREATE TABLE IF NOT EXISTS `menu_tabs` (
  `id` int(11) NOT NULL AUTO_INCREMENT,
  `label` varchar(120) COLLATE utf8_unicode_ci NOT NULL,
  `description` varchar(255) COLLATE utf8_unicode_ci DEFAULT NULL,
  `link` varchar(100) COLLATE utf8_unicode_ci DEFAULT NULL,
  `lang_id` int(11) NOT NULL DEFAULT '1',
  `has_submenu` tinyint(1) NOT NULL DEFAULT '0',
  `is_active` tinyint(1) NOT NULL DEFAULT '0',
  `tab_position` smallint(6) NOT NULL,
  PRIMARY KEY (`id`),
  KEY `lang_id` (`lang_id`)
) ENGINE=InnoDB  DEFAULT CHARSET=utf8 COLLATE=utf8_unicode_ci AUTO_INCREMENT=10 ;

--
-- Dumping data for table `menu_tabs`
--

INSERT INTO `menu_tabs` (`id`, `label`, `description`, `link`, `lang_id`, `has_submenu`, `is_active`, `tab_position`) VALUES
(1, 'ΕΠΙΣΤΗΜΟΝΙΚΗ ΟΜΑΔΑ', NULL, 'research_members', 2, 0, 1, 1),
(2, 'ΕΡΕΥΝΗΤΙΚΟ ΠΡΟΓΡΑΜΜΑ', NULL, 'research_content', 2, 0, 1, 2),
(3, 'ΝΕΑ', NULL, 'news', 2, 0, 1, 3),
(4, 'ΕΚΔΗΛΩΣΕΙΣ', NULL, '', 2, 1, 1, 4),
(5, 'ΣΥΝΔΕΣΜΟΙ', NULL, 'links', 2, 0, 1, 5),
(6, 'ΕΝΗΜΕΡΩΣΗ', NULL, '', 2, 1, 1, 6),
(7, 'Η ΓΝΩΜΗ ΣΑΣ', NULL, 'opinion', 2, 0, 1, 7),
(8, 'ΕΠΙΚΟΙΝΩΝΙΑ', NULL, 'contact_us', 2, 0, 1, 8),
(9, 'FORUM', NULL, 'forum', 2, 0, 0, 9);

-- --------------------------------------------------------

--
-- Table structure for table `profiles`
--

CREATE TABLE IF NOT EXISTS `profiles` (
  `id` int(11) NOT NULL AUTO_INCREMENT,
  `label` varchar(20) COLLATE utf8_unicode_ci NOT NULL,
  `description` varchar(30) COLLATE utf8_unicode_ci NOT NULL,
  PRIMARY KEY (`id`)
) ENGINE=InnoDB  DEFAULT CHARSET=utf8 COLLATE=utf8_unicode_ci AUTO_INCREMENT=5 ;

--
-- Dumping data for table `profiles`
--

INSERT INTO `profiles` (`id`, `label`, `description`) VALUES
(1, 'admin', 'Administrator'),
(2, 'contr', 'Contributor'),
(3, 'moder', 'Moderator'),
(4, 'user', 'Guest User');

-- --------------------------------------------------------

--
-- Table structure for table `research_groups`
--

CREATE TABLE IF NOT EXISTS `research_groups` (
  `id` int(11) NOT NULL AUTO_INCREMENT,
  `label` varchar(50) CHARACTER SET utf8 COLLATE utf8_unicode_ci NOT NULL,
  `lang_id` int(11) NOT NULL,
  PRIMARY KEY (`id`),
  KEY `lang_id` (`lang_id`)
) ENGINE=InnoDB  DEFAULT CHARSET=latin1 AUTO_INCREMENT=5 ;

--
-- Dumping data for table `research_groups`
--

INSERT INTO `research_groups` (`id`, `label`, `lang_id`) VALUES
(1, 'ΚΥΡΙΟΙ ΕΡΕΥΝΗΤΕΣ', 2),
(2, 'ΒΑΣΙΚΟΙ ΕΡΕΥΝΗΤΕΣ', 2),
(3, 'ΔΙΔΑΚΤΟΡΕΣ', 2),
(4, 'ΜΕΤΑΠΤΥΧΙΑΚΟΙ ΣΠΟΥΔΑΣΤΕΣ', 2);

-- --------------------------------------------------------

--
-- Table structure for table `research_members`
--

CREATE TABLE IF NOT EXISTS `research_members` (
  `id` int(11) NOT NULL AUTO_INCREMENT,
  `group_id` int(11) NOT NULL,
  `name` varchar(60) CHARACTER SET utf8 COLLATE utf8_unicode_ci NOT NULL,
  `email` varchar(80) CHARACTER SET utf8 COLLATE utf8_unicode_ci DEFAULT NULL,
  `picture` varchar(100) CHARACTER SET utf8 COLLATE utf8_unicode_ci DEFAULT NULL,
  PRIMARY KEY (`id`),
  KEY `group_id` (`group_id`)
) ENGINE=InnoDB  DEFAULT CHARSET=latin1 AUTO_INCREMENT=15 ;

--
-- Dumping data for table `research_members`
--

INSERT INTO `research_members` (`id`, `group_id`, `name`, `email`, `picture`) VALUES
(1, 2, 'Έφη Κουνουγέρη – Μανωλεδάκη', 'eftihia@law.auth.gr', 'emanwledaki.jpeg'),
(2, 1, 'Ελισάβετ Συμεωνίδου-Καστανίδου', 'kastan@law.auth.gr', 'ekastanidou.jpg'),
(3, 1, 'Βασίλης Ταρλατζής', 'tarlatzis@gmail.com', 'vtarlatzis.png'),
(4, 2, 'Ελένη Ρεθυμνιωτάκη', 'erethemn@law.uoa.gr', 'erethymniwtaki.png'),
(5, 2, 'Νίκος Κουμουτζής', 'nikos_koumoutzis@hotmail.com', 'nkoumoutzis.jpg'),
(6, 2, 'Κωνσταντίνος Χατζηκώστας', 'konstantinoscha@law.auth.gr', ''),
(7, 3, 'Καλλιόπη Κηπουρίδου', 'kalliopi.kipouridou@gmail.com', 'kkhpouridou.jpg'),
(8, 3, 'Mαρία Μηλαπίδου', 'mimmaki@gmail.com', 'mmilapidou.jpg'),
(9, 3, 'Ρωξάνη Φράγκου', 'roxannefragou@hotmail.com', 'rfragou.jpg'),
(10, 4, 'Μαριάννα Βασιλείου', 'marva84@gmail.com', 'mvasileiou.jpg'),
(11, 4, 'Νίκος Δημόπουλος', 'niko-dimo@windowslive.com', 'ndimopoulos.jpg'),
(12, 4, 'Χριστίνα Σαχινίδου', 'sachinidouchristina@hotmail.com', 'csahinidou.jpg'),
(13, 4, 'Αντώνης Τσαλίδης', 'a-tsalidis@hotmail.com', 'atsalidis.jpg'),
(14, 4, 'Θεοδώρα Χορταρά', 'dpn21@yahoo.com', '');

-- --------------------------------------------------------

--
-- Table structure for table `research_member_info`
--

CREATE TABLE IF NOT EXISTS `research_member_info` (
  `id` int(11) NOT NULL AUTO_INCREMENT,
  `member_id` int(11) NOT NULL,
  `cv` text CHARACTER SET utf8 COLLATE utf8_unicode_ci,
  `pubs` text CHARACTER SET utf8 COLLATE utf8_unicode_ci,
  PRIMARY KEY (`id`),
  KEY `member_id` (`member_id`)
) ENGINE=InnoDB  DEFAULT CHARSET=latin1 AUTO_INCREMENT=15 ;

--
-- Dumping data for table `research_member_info`
--

INSERT INTO `research_member_info` (`id`, `member_id`, `cv`, `pubs`) VALUES
(1, 1, 'Πτυχιούχος και Διδάκτορας της Νομικής Σχολής του ΑΠΘ, με μεταπτυχιακές σπουδές στο Ελεύθερο Πανεπιστήμιο του Βερολίνου, η Έφη Κουνουγέρη-Μανωλεδάκη υπηρέτησε ως Καθηγήτρια του Αστικού Δικαίου στην πιο πάνω Σχολή, και από το 2012 είναι Ομότιμη Καθηγήτρια. Σήμερα διδάσκει στο Διατμηματικό Πρόγραμμα Μεταπτυχιακών Σπουδών (ΔΠΜΣ) του ΑΠΘ το μάθημα “Σύγχρονες Ιατρικές Πράξεις: Δικαιική Ρύθμιση και Βιοηθική Διάσταση”.\r\n\r\nΕίναι μέλος της «Eταιρείας Nομικών Bορείου Eλλάδος», της «Ένωσης Ελλήνων Aστικολόγων», της «Διεθνούς Ένωσης Oικογενειακού Δικαίου», της «Ελληνικής Εταιρείας για την Ψυχική Υγεία στην Υποβοηθούμενη Αναπαραγωγή» και του «Ομίλου Μελέτης Ιατρικού Δικαίου και Βιοηθικής», του οποίου υπήρξε πρόεδρος κατά τα έτη 2005-2011 και συνδιευθύνει τη σειρά των δημοσιευμάτων του («Δημοσιεύματα Ιατρικού Δικαίου και Βιοηθικής»).\r\n\r\nΔιατέλεσε μέλος της Εθνικής Αρχής Ιατρικώς Υποβοηθούμενης Αναπαραγωγής και του Δικαστηρίου Αγωγών Κακοδικίας. Υπήρξε μέλος της Oμάδας Eργασίας του Yπουργείου Δικαιοσύνης για τη μεταγλώττιση του Aστικού Kώδικα στη δημοτική γλώσσα (1987) και μέλος της Συμβουλευτικής Επιτροπής για τη συνδρομή στη σύνταξη Σχεδίου Νόμου τροποποιητικού του Αστικού Κώδικα, του Κώδικα Πολιτικής Δικονομίας και των συναφών νόμων, καθώς και για τη συμπλήρωση του Οικογενειακού Δικαίου και την καθιέρωση του Οικογενειακού Δικαστηρίου (1987). Επίσης, υπήρξε μέλος της Nομοπαρασκευαστικής Eπιτροπής για τη σύνταξη του ν. 2447/1996 που μεταρρύθμισε το δίκαιο της επιτροπείας και της υιοθεσίας, καθώς και μέλος της Nομοπαρασκευαστικής Eπιτροπής για τη σύνταξη του ν. 3089/2002 για την "Ιατρική Υποβοήθηση στην Ανθρώπινη Αναπαραγωγή". Τέλος, υπήρξε πρόεδρος της Νομοπαρασκευαστικής Επιτροπής, η οποία συγκροτήθηκε με απόφαση του Υπουργού Δικαιοσύνης το 2010 και είχε ως αντικείμενο την επεξεργασία Σχεδίου Νόμου για την “Τροποποίηση διατάξεων του Οικογενειακού Δικαίου” (με χαρακτηριστικές τις ρυθμίσεις για την επέκταση του συμφώνου συμβίωσης και στα ομόφυλα ζευγάρια).\r\n\r\nΤο συγγραφικό της έργο είναι εκτεταμένο και περιλαμβάνει μονογραφίες, βιβλία, μελέτες, φοιτητικά βοηθήματα, άρθρα σε συλλογικά έργα, δημοσιεύσεις στον ημερήσιο και περιοδικό τύπο, σχόλια σε δικαστικές αποφάσεις και βιβλιοκρισίες. Το μεγαλύτερο μέρος του έργου της είναι αφιερωμένο στο Οκογενειακό Δίκαιο, ενώ ένα άλλο σημαντικό μέρος του έχει ως αντικείμενο το Δίκαιο της Βιοτεχνολογίας, με έμφαση στην ιατρικά υποβοηθούμενη αναπαραγωγή.', ''),
(2, 2, 'ΒΙΟΓΡΑΦΙΚΑ ΣΤΟΙΧΕΙΑ\r\n➢	Ιδρυτικό μέλος και υπεύθυνη συντονισμού του Δικτύου «Σύγχρονη ιατρική πράξη, βιοϊατρική και δίκαιο». \r\n➢	Ιδρυτικό μέλος και Πρόεδρος του Ομίλου Μελέτης Ιατρικού Δικαίου και Βιοηθικής.\r\n➢	Μέλος της Συντακτικής Επιτροπής των περιοδικών Υπεράσπιση (1991-2000), Ποινική Δικαιοσύνη (2001 – σήμερα), European Criminal Law Review (2011 - )\r\n➢	Μέλος της επιστημονικής Επιτροπής του ηλεκτρονικού περιοδικού Bioethics, της Εθνικής Επιτροπής Βιοηθικής (2014 - )\r\n➢	Διευθύντρια του περιοδικού Ιατρικό Δίκαιο και Βιοηθική (2008 – σήμερα)\r\n➢	Μέλος της Εταιρείας Νομικών Βορείου Ελλάδος, της Ελληνικής Εταιρείας Ποινικού Δικαίου, της Ένωσης Ευρωπαίων Νομικών, της Ένωσης Ελλήνων Ποινικολόγων, της European Society of Human Reproduction, του European Law Institute\r\n➢	Μέλος της ευρωπαϊκής ομάδας εργασίας &quot;European Criminal Policy Initiative»\r\n➢	Μέλος της νομοπαρασκευαστικής επιτροπής για την αναθεώρηση του Ποινικού Κώδικα και πρόεδρος της επιτροπής από τον Ιούλιο 2011.\r\n➢	Μέλος του Ανώτατου Δικαστηρίου του άρθρου 88 παρ. 2 και 99 Συντ. (2004, 2005, 2006, 2013, 2014), καθώς και του Ανώτατου Πειθαρχικού Συμβουλίου του άρθρου 91 παρ. 2 Συντ (2008).\r\n➢	Πρόεδρος Επιτροπής Οικονομικών Νομικής Σχολής ΑΠΘ (2013 - …)\r\n➢	Διευθύνει τις σειρές «Δημοσιεύματα ιατρικού δικαίου και βιοηθικής» - εκδ. Σάκκουλα  (από κοινού με τις καθηγήτριες του ΑΠΘ Μ. Καϊάφα – Γκμπάντι και Ε. Κουνουγέρη – Μανωλεδάκη), «Ειδικοί Ποινικοί Νόμοι» - εκδ. Νομική Βιβλιοθήκη (από κοινού με την καθηγήτρια του ΑΠΘ Μ. Καϊάφα – Γκμπάντι) και «ΙΑΤΡΙΚΗ ΠΡΑΞΗ, ΒΙΟΪΑΤΡΙΚΗ ΚΑΙ ΔΙΚΑΙΟ» - εκδ. Νομική Βιβλιοθήκη (από κοινού με τα υπόλοιπα μέλη του Δικτύου του ΑΠΘ «Σύγχρονη ιατρική πράξη, βιοϊατρική και δίκαιο». \r\n➢	Έχει συγγράψει μόνη ή σε συνεργασία με άλλους καθηγητές 26 βιβλία και περισσότερες από 250 μελέτες δημοσιευμένες σε ελληνικά και ξενόγλωσσα περιοδικά και συλλογικούς τόμους .\r\n\r\n\r\n\r\n\r\n\r\n', ''),
(3, 3, 'Καθηγητής Μαιευτικής-Γυναικολογίας και Ανθρώπινης Αναπαραγωγής, \nΔιευθυντής Α’ Μαιευτικής και Γυναικολογικής Κλινική Α.Π.Θ.\n\nΠρώην Αναπληρωτής Πρόεδρος της Εθνικής Αρχής Ιατρικώς Υποβοηθούμενης Αναπαραγωγής\n\nΠρώην Πρόεδρος της Ευρωπαϊκής Εταιρείας Ανθρώπινης Αναπαραγωγής &amp; - Εμβρυολογίας (ESHRE), και μέλος της Επιτροπής Ηθικής και Δεοντολογίας της ESHRE\n\nΠρώην Πρόεδρος Διεθνούς Ομοσπονδίας Εταιρειών Γονιμότητας (IFFS)\nΠρώην Πρόεδρος Ιατρικής Σχολής, Αριστοτέλειο Πανεπιστήμιο Θεσσαλονίκης\nΠρόεδρος της Ελληνικής Εταιρείας Στειρότητος και Γονιμότητος\n\nΠρόεδρος της Ελληνικής Μαιευτικής και Γυναικολογικής Εταιρείας \nΑν. Πρόεδρος Συμβουλίου, Αριστοτέλειο Πανεπιστήμιο Θεσσαλονίκης\n\nΜέλος σε 26 ελληνικές και 18 ξένες Επιστημονικές Εταιρείες\n\nΜέλος της Επιτροπής Σύνταξης και Κριτής σε 7 ελληνικά και 14 διεθνή επιστημονικά περιοδικά\n\nΥπεύθυνος Έκδοσης 4 ξενόγλωσσων και 1 Ελληνικού Επιστημονικού Βιβλίου\n\n267 επιστημονικές εργασίες σε Ξενόγλωσσα Επιστημονικά Περιοδικά (με 6439 βιβλιογραφικές αναφορές) και 80 σε Ελληνικά Περιοδικά\n\n32 κεφάλαια σε Ξενόγλωσσα Βιβλία και 29 σε Ελληνικά Βιβλία\n\n45 κεφάλαια σε Πρακτικά Ξένων Συνεδρίων και 42 σε Πρακτικά Ελληνικών Συνεδρίων\n\n152 επιστημονικές εργασίες σε Ξενόγλωσσα Συνέδρια και\n92 σε Ελληνικά Συνέδρια\n', ''),
(4, 4, 'Η Ελένη Ρεθυμιωτάκη γεννήθηκε στην Αθήνα το 1964.    Σπούδασε νομικά στη Νομική Σχολή του Πανεπιστημίου Αθηνών. Έκανε μεταπτυχιακές σπουδές (D.E.A.) στο Πανεπιστήμιο Pantéon-Assas (Paris II) όπου εκπόνησε και τη διδακτορική διατριβή της με θέμα: «Από την ιατρική δεοντολογία στην βιοηθική. Μια μελέτη της Κοινωνιολογίας του δικαίου», η οποία έλαβε τιμητική διάκριση. Είναι δικηγόρος, μέλος του Δ.Σ.Α. Κατά την περίοδο 1997-2005 εργάστηκε ως έμμισθη δικηγόρος σε ασφαλιστική εταιρία με ειδίκευση την ασφάλιση εμπορικών πιστώσεων από το κίνδυνο της αφερεγγυότητας πελατών.  Το 2005 εξελέγη Λέκτορας στη Νομική Σχολή του Ε.Κ.Π.Α.  και από το 2012 είναι επίκουρη καθηγήτρια.\n\nΑσχολείται με την βιοϊατρική και την πληροφορική ως παραδείγματα πεδίων κοινωνικών σχέσεων που ρυθμίζονται μέσω της διαπλοκής  κανόνων και θεσμών του κρατικού δικαίου με κανόνες και όργανα αυτορρύθμισης. Επίσης εστιάστηκε στη σχέση δικαίου και πολιτικής στην Ε.Ε. και την πολύπλοκη σχέση της ενωσιακής έννομης τάξης με τις εθνικές. Τέλος μελετά τις σύγχρονες τάσεις εξέλιξης του οικογενειακού δικαίου, σε συνάρτηση με το μετασχηματισμό του οικογενειακού θεσμού και τα εναλλακτικά οικογενειακά σχήματα.   Κυριότερες δημοσιεύσεις:\n<ol>\n<li>Ρύθμιση ή αυτορρύθμιση; Το παράδειγμα της ιατρικά υποβοηθούμενης αναπαραγωγής,  Αθήνα-Κομοτηνή, Αντ. Ν.Σάκκουλας 2003.</li>\n<li>Πηγές του δικαίου και νομικός πλουραλισμός στην Ευρωπαϊκή Ένωση, Αθήνα-Θεσσαλονίκη, Εκδόσεις Σάκκουλα, 2012.</li> \n<li>Οικογένεια και δίκαιο στην Ελλάδα του 21ου αιώνα: Τάσεις εξατομίκευσης και συμβατικοποίησης, Γ΄ Συνέδριο Ελληνικής Κοινωνιολογικής Εταιρίας, Ελληνική κοινωνία 1975-2010, ανακατατάξεις, προκλήσεις, Αθήνα, 3-5 Νοεμβρίου 2011.</li>\n<li>European Public Sphere and Digital Political Communication: Facebook as a medium of political expression and participation, Proceedings of the 4th    International Conference on Information Law & Ethics, Bottis, M./ Alexandropoulou, E. (eds), Values and Freedoms in Modern Information Law and Ethics, 2012. –e book –</li>\n</ol>', ''),
(5, 5, 'Ο Νίκος Κουμουτζής γεννήθηκε στην Αθήνα. Είναι κάτοχος πτυχίου της Νομικής Σχολής του Εθνικού και Καποδιστριακού Πανεπιστημίου της Αθήνας, μεταπτυχιακού τίτλου (DEA) του Πανεπιστημίου Bordeaux I, με ειδίκευση στο Ιδιωτικό Δίκαιο, διδακτορικού τίτλου της Νομικής Σχολής του Εθνικού και Καποδιστριακού Πανεπιστημίου της Αθήνας (για τη διατριβή με θέμα: «Η γονική μέριμνα του γεννημένου χωρίς γάμο παιδιού και το δικαίωμα οικογενειακής ζωής του πατέρα» – βραβείο Ακαδημίας Αθηνών 2011). Στα κύρια ερευνητικά του ενδιαφέροντα περιλαμβάνoνται τα ανθρώπινα δικαιώματα, το οικογενειακό δίκαιο, ιδίως το δίκαιο της ιατρικής υποβοήθησης στην ανθρώπινη αναπαραγωγή, το δίκαιο του αδικαιολόγητου πλουτισμού, το δίκαιο των αδικοπραξιών. \r\n\r\nΕίναι δικηγόρος, μέλος του Δικηγορικού Συλλόγου Αθηνών, της Ένωσης Ελλήνων Αστικολόγων, του Ομίλου Ιατρικού Δικαίου και Βιοηθικής, της Εταιρείας Οικογενειακού Δικαίου, και συνεργάτης του περιοδικού «Χρονικά Ιδιωτικού Δικαίου». Από το 2014 υπηρετεί ως Λέκτορας στο Πανεπιστήμιο Λευκωσίας, όπου διδάσκει Ελληνικό Αστικό Δίκαιο. \r\n\r\nΜιλά Ελληνικά (μητρική γλώσσα), Γαλλικά, Αγγλικά και μπορεί να διαβάζει Γερμανικά.\r\n', ''),
(6, 6, 'Γεννήθηκε στη Θεσσαλονίκη στις 13.03.1974. Από το 1985 έως το 1991 φοίτησε στη Γερμανική Σχολή Θεσσαλονίκης (Γυμνάσιο – Λύκειο). Την  άνοιξη του 1991 συμμετείχε με επιτυχία στις εξετάσεις για την απόκτηση τίτλου πρόσβασης σε γερμανικό Πανεπιστήμιο (“Abitur”). Αποφοίτησε από την Γ΄ Λυκείου τον Ιούνιο του 1991 με βαθμό «Άριστα» – 19 και 6/10. Το Σεπτέμβριο του ίδιου έτους εγγράφηκε κατόπιν επιτυχούς συμμετοχής στις Πανελλαδικές εξετάσεις στο Τμήμα Νομικής της Σχολής Νομικών και Οικονομικών Επιστημών του Α.Π.Θ. Έλαβε το πτυχίο της Νομικής του Α.Π.Θ. το Νοέμβριο του 1995 με βαθμό «άριστα» (8,63).\r\n\r\nΤο Νοέμβριο του 1995 εγγράφηκε ως υποψήφιος διδάκτορας στη Νομική Σχολή του Πανεπιστημίου Johann Wolfgang Goethe της Φραγκφούρτης/Μ με επιβλέποντα τον καθηγητή Δρα Ulfrid Neumann και συνεπιβλέποντα  τον καθηγητή Δρα Klaus Günther.\r\n\r\nΤο Σεπτέμβριο του 1996 έλαβε τριετή υποτροφία της Γερμανικής Υπηρεσίας Ακαδημαϊκών Ανταλλαγών (DAAD) για την εκπόνηση της διδακτορικής μου διατριβής.\r\n\r\nΣτις 22.05.2000 υποστήριξε προφορικά τη διδακτορική του διατριβή κατά τον Κανονισμό Διατριβών του Πανεπιστημίου Φραγκφούρτης ενώπιον τριμελούς εξεταστικής επιτροπής. Αναγορεύτηκε ομόφωνα διδάκτωρ της Νομικής Σχολής του Πανεπιστημίου της Φραγκφούρτης με τη διάκριση “magna cum laude”.\r\n\r\nΗ διδακτορική του διατριβή με τίτλο “Die Disponibilität des Rechtsgutes Leben in ihrer Bedeutung für die Probleme von Suizid und Euthanasie” (Η δυνατότητα διάθεσης του εννόμου αγαθού της ζωής, όσον αφορά ειδικότερα τα ζητήματα της αυτοκτονίας και της ευθανασίας) δημοσιεύθηκε το 2001 με οικονομική ενίσχυση της Γερμανικής Υπηρεσίας Ακαδημαϊκών Ανταλλαγών (DAAD) στον εκδοτικό οίκο “PETER LANG” και στην επιστημονική σειρά δημοσιευμάτων “Frankfurter kriminalwissenschaftliche Studien”, η οποία διευθύνεται από καθηγητές του Πανεπιστημίου της Φραγκφούρτης.\r\n\r\nΚατά τη διάρκεια του εαρινού εξαμήνου των ακαδημαϊκών ετών 2005-06, 2006-07, 2007-08, και των ακαδημαϊκών ετών 2008-09 και 2009-2010 εργάστηκε ως ειδικός επιστήμονας στον Τομέα των Ποινικών Επιστημών του Τμήματος Νομικής της Σχολής ΝΟΠΕ του Αριστοτελείου Παν/μιου Θεσσαλονίκης, συμμετέχοντας στη διδασκαλία των μαθημάτων, «Γενικό Ποινικό Δίκαιο», «Ειδικό Ποινικό Δίκαιο», «Εμβάθυνση στο ουσιαστικό Ποινικό Δίκαιο» «Ειδικά Θέματα Ποινικού Δικαίου», «Ειδικοί Ποινικοί Νόμοι» και «Εισαγωγή στο Ελληνικό Ποινικό Δίκαιο» για γερμανόφωνους φοιτητές Erasmus. Επιπλέον συμμετείχε στην οργάνωση φοιτητικών σεμιναρίων με αντικείμενο το ηλεκτρονικό έγκλημα, τα ναρκωτικά, την ευθανασία, τη νομοθεσία των μεταμοσχεύσεων, τις προσβολές της τιμής και την ελευθερία του λόγου κ.ά.\r\n\r\nΑπό τον Ιανουάριο του 2014 υπηρετεί ως λέκτορας του ουσιαστικού ποινικού δικαίου στον Τομέα των Ποινικών Επιστημών του Τμήματος Νομικής της Σχολής ΝΟΠΕ του Αριστοτελείου Παν/μιου Θεσσαλονίκης.\r\n\r\nΑπό τις 25.09.2000 έως τις 25.08.2002 εκπλήρωσε τις στρατιωτικές του υποχρεώσεις ως Δόκιμος Έφεδρος Αξιωματικός.\r\n\r\nΕίναι δικηγόρος στο Πρωτοδικείο Θεσσαλονίκης από το 1998 και εργάζεται ως δικηγόρος.\r\n\r\nΓνωρίζει άριστα τη γερμανική (γερμανικό απολυτήριο – Abitur / διδακτορική διατριβή), την αγγλική (Cambridge First Certificate in English/Certificate of Proficiency in English) και τη γαλλική γλώσσα (Certificat de Langue Francaise/Certificat Pratique de Langue Francaise -1er DEGRE).\r\n', ''),
(7, 7, 'Η Καλλιόπη Κηπουρίδου είναι πτυχιούχος του Τμήματος Νομικής της Σχολής Νομικών και Πολιτικών Επιστημών του Αριστοτέλειου Πανεπιστημίου Θεσσαλονίκης και είναι κάτοχος Μεταπτυχιακού Διπλώματος Ειδίκευσης στον Κλάδο Ποινικών και Εγκληματολογικών Επιστημών. Το 2012 αναγορεύτηκε διδάκτορας Νομικών Επιστημών. Η εκπόνηση της διδακτορικής της διατριβής πραγματοποιήθηκε με την οικονομική υποστήριξη του Ιδρύματος Κρατικών Υποτροφιών.\r\n\r\nΑπό το έτος 2002 είναι δικηγόρος και μέλος του Δικηγορικού Συλλόγου Θεσσαλονίκης διορισμένη στο Εφετείο και από το έτος 2013 είναι μέλος του Ομίλου Μελέτης Ιατρικού Δικαίου και Βιοηθικής. Παράλληλα, διδάσκει στα πλαίσια προγράμματος επιμόρφωσης αστυνομικών αναφορικά με θέματα εξαρτήσεων που διοργανώνει ο Ο.ΚΑ.ΝΑ. (2014), έχει διδάξει στο Τ.Ε.Ι. Δυτικής Μακεδονίας-Παράρτημα Καστοριάς (ακαδημαϊκό έτος 2012-2013), σε Δημόσια Ινστιτούτα Επαγγελματικής Κατάρτισης (2007, 2010, 2012, 2013), στη Σχολή Ξεναγών Θεσσαλονίκης (2009).\r\n\r\nΚατά τα ακαδημαϊκά έτη 2011-2012 και 2012-2013 έχει συμμετάσχει ως εισηγήτρια στο Διατμηματικό Πρόγραμμα Μεταπτυχιακών Σπουδών των Σχολών Ιατρικής, Οδοντιατρικής και Νομικής και του Τμήματος Θεολογίας του Α.Π.Θ. με τίτλο «Σύγχρονες Ιατρικές Πράξεις : Δικαιϊκή Ρύθμιση και Βιοηθική Διάσταση». Από τον Ιανουάριο του 2014 πραγματοποιεί μεταδιδακτορική έρευνα στη Νομική Σχολή ΑΠΘ, στον Τομέα Ποινικών και Εγκληματολογικών Σπουδών με αντικείμενο την «Υποβοηθούμενη αναπαραγωγή και προστασία του εμβρύου in vitro» στο πλαίσιο της Δράσης ΑΡΙΣΤΕΙΑ ΙΙ που συγχρηματοδοτείται από τη Γενική Γραμματεία Έρευνας και Τεχνολογίας και το ΕΣΠΑ.\r\n\r\nΈχει συγγράψει μελέτες που έχουν δημοσιευθεί σε νομικά περιοδικά και σε συλλογικά έργα. Γνωρίζει άριστα αγγλικά και γαλλικά.\r\n', ''),
(8, 8, 'Γεννήθηκε το 1979 στη Θεσσαλονίκη. Το 1997 αποφοίτησε από το Πειραματικό Σχολείο του Πανεπιστημίου Θεσσαλονίκης με «Άριστα». Το 1998 εισήχθη στη Νομική Σχολή του ΑΠΘ από την οποία αποφοίτησε το 2002 με βαθμό «Άριστα». Από τον Αύγουστο του 2004 είναι δικηγόρος Θεσσαλονίκης. Το 2004 ολοκλήρωσε τις Μεταπτυχιακές της Σπουδές στη Νομική Σχολή του ΑΠΘ και πιο συγκεκριμένα στον Τομέα Ποινικών και Εγκληματολογικών Σπουδών με «Άριστα». Το 2011 αναγορεύτηκε διδάκτωρ της Νομικής Σχολής ΑΠΘ. Καθόλη τη διάρκεια της εκπόνησης της διδακτορικής της διατριβής υπήρξε υπότροφος του Κοινωφελούς Ιδρύματος «Αλέξανδρος Σ. Ωνάσης». Από τον Ιανουάριο του 2014 πραγματοποιεί μεταδιδακτορική έρευνα στη Νομική Σχολή ΑΠΘ, στον Τομέα Ποινικών και Εγκληματολογικών Σπουδών με αντικείμενο την ¨Υποβοηθούμενη αναπαραγωγή και προστασία του εμβρύου in vitro¨ στο πλαίσιο της Δράσης ΑΡΙΣΤΕΙΑ ΙΙ που συγχρηματοδοτείται από τη Γενική Γραμματεία Έρευνας και Τεχνολογίας και το ΕΣΠΑ.\n\nΑπό τον Ιανουάριο του 2012 συμμετέχει ως εισηγήτρια στο Διατμηματικό Πρόγραμμα Μεταπτυχιακών Σπουδών του ΑΠΘ «Σύγχρονες Ιατρικές Πράξεις: Δικαιϊκή Ρύθμιση & Βιοηθική Διάσταση», ενώ από το 2005 έχει απασχοληθεί με συμβάσεις στον Τομέα Ποινικών και Εγκληματολογικών Επιστημών της Νομικής Σχολής ΑΠΘ για την παροχή επικουρικής διδασκαλίας στους φοιτητές.\n\nΑπό το Δεκέμβριο του 2005 συμμετέχει στο θεματικό ΔΙΚΤΥΟ της Επιτροπής Ερευνών ΑΠΘ «ΣΥΓΧΡΟΝΗ ΙΑΤΡΙΚΗ ΠΡΑΞΗ, ΔΙΚΑΙΟ ΚΑΙ ΒΙΟΗΘΙΚΗ», είναι μέλος του Ομίλου Ιατρικού Δικαίου και Βιοηθικής, ενώ από τον Ιανουάριο του 2011 έως σήμερα είναι επιστημονικός συνεργάτης του περιοδικού Ιατρικό Δίκαιο και Βιοηθική.\n\nΈχει συμμετάσχει ως εισηγήτρια σε συνέδρια και σεμινάρια που άπτονται του χώρου της Βιοηθικής. Έχει συγγράψει μια μονογραφία και 19 μελέτες – σχόλια που έχουν δημοσιευτεί σε νομικά περιοδικά. Γνωρίζει άριστα Αγγλικά, Γερμανικά και Γαλλικά. Είναι έγγαμη και έχει ένα τέκνο.\n', ''),
(9, 9, 'Απόφοιτος της Νομικής Σχολής του ΔΠΘ, ολοκλήρωσε το 2005 τις Μεταπτυχιακές της Σπουδές στο Δημόσιο Δίκαιο στη Νομική Σχολή του Πανεπιστημίου Robert Schuman στο Στρασβούργο. Το Νοέμβριο του 2010 υποστήριξε τη διδακτορική της διατριβή με τίτλο Η ευθανασία και το δικαίωμα άρνησης θεραπείας ενόψει της εξέλιξης του Ευρωπαϊκού Συγκριτικού δικαίου (Γαλλία, Ελλάδα, Ελβετία, Ολλανδία, Βέλγιο, Ισπανία και Ηνωμένο Βασίλειο) και αναγορεύτηκε ομόφωνα διδάκτωρ της Νομικής Σχολής του Πανεπιστημίου του Στρασβούργου. Από το Μάρτιο του 2014 πραγματοποιεί μεταδιδακτορική έρευνα στη Νομική Σχολή του ΑΠΘ με αντικείμενο την Υποβοηθούμενη αναπαραγωγή και προστασία του εμβρύου in vitro στο πλαίσιο της Δράσης ΑΡΙΣΤΕΙΑ ΙΙ.\r\n\r\nΑπό το 2009 έως το 2011 εργάστηκε ως Attachée Temporaire d’Enseignement et de Recherche (ATER) και από το 2011 έως το 2012 ως Chargée d’Enseignement Vacataire (CEV) στη Νομική Σχολή του Πανεπιστημίου του Στρασβούργου και στο Ινστιτούτο Πολιτικών Επιστημών (IEP de Strasbourg) συμμετέχοντας στη διδασκαλία των μαθημάτων Δημόσιο Δίκαιο, Συνταγματικό Δίκαιο και Πολιτικοί Θεσμοί στη Γαλλία και το Συγκριτικό Δίκαιο. Από το 2011 έως και σήμερα διδάσκει στο Μεταπτυχιακό Πρόγραμμα του Ευρωπαϊκού κέντρου διδασκαλίας και έρευνας στην Ηθική του Πανεπιστημίου του Στρασβούργου το μάθημα Εφαρμοσμένη Ηθική. Πηγές και θεμέλια : πηγές σχετικά με τη βιοηθική. Παράλληλα, διδάσκει στο Γαλλικό Κολλέγιο-IdEF / Πανεπιστήμιο Paris 13 τα μαθήματα Εισαγωγή στο Δημόσιο Δίκαιο και Συνταγματικό Δίκαιο. \r\n\r\nΕργάζεται ως Επιστημονική Συνεργάτις στην Εθνική Επιτροπή για τα Δικαιώματα του Ανθρώπου (ΕΕΔΑ). \r\n \r\nΕίναι ειδικός συνεργάτης στο νομικό περιοδικό Συνήγορος εκδόσεων Νομική Βιβλιοθήκη με μόνιμη στήλη με τίτλο Αλλοδαποί και τα πεδία έρευνας και συγγραφικού ενδιαφέροντός της περιλαμβάνουν εκτός από τη Βιοηθική, θέματα Δικαιωμάτων του Ανθρώπου και Δικαίου Αλλοδαπών.', ''),
(10, 10, 'Η Μαριάννα Βασιλείου γεννήθηκε στη Λάρισα το 1984 και αποφοίτησε από το Ενιαίο Λύκειο Σουφλίου Έβρου το 2002. Την ίδια χρονιά εισήχθη στη Νομική Σχολή του Αριστοτελείου Πανεπιστημίου Θεσσαλονίκης και έλαβε το πτυχίο της το 2007 με βαθμό «Λίαν Καλώς». Το 2012 έλαβε Μεταπτυχιακό Δίπλωμα Ειδίκευσης του Τομέα Ποινικών και Εγκληματολογικών Επιστημών της Νομικής Σχολής του Αριστοτελείου Πανεπιστημίου Θεσσαλονίκης με βαθμό «Λίαν Καλώς». Το 2014 έλαβε Μεταπτυχιακό Δίπλωμα Ειδίκευσης «ΣΥΓΧΡΟΝΕΣ ΙΑΤΡΙΚΕΣ ΠΡΑΞΕΙΣ: ΔΙΚΑΙΪΚΗ ΡΥΘΜΙΣΗ ΚΑΙ ΒΙΟΗΘΙΚΗ ΔΙΑΣΤΑΣΗ» από το Διατμηματικό Μεταπτυχιακό Πρόγραμμα Ειδίκευσης των Σχολών Νομικής, Ιατρικής, Οδοντιατρικής και Θεολογίας του Αριστοτελείου Πανεπιστημίου Θεσσαλονίκης με βαθμό «Άριστα». Είναι υποψήφια διδάκτορας της Ιατρικής Σχολής του Αριστοτελείου Πανεπιστημίου Θεσσαλονίκης. Το θέμα της διατριβής της είναι «Κενά και ανεπάρκειες του ισχύοντος δεοντολογικού πλαισίου που ρυθμίζει τις εφαρμοζόμενες και τις αναμενόμενες να εφαρμοστούν μεθόδους ιατρικώς υποβοηθούμενης αναπαραγωγής». Από το έτος 2009 ασκεί μαχόμενη δικηγορία, ως μέλος του Δικηγορικού Συλλόγου Θεσσαλονίκης. Μιλάει άριστα αγγλικά και γαλλικά και πολύ καλά ιταλικά. \n\nΈχει λάβει μέρος ως εισηγήτρια σε ημερίδες γύρω από τη βιοηθική («Δωρεά και Μεταμόσχευση οργάνων υπό το πρίσμα του Ν. 3984/2011» και «Διακοπή της κύησης: Ιατρικά, νομικά και ηθικά ζητήματα») και έχει δημοσιεύσει σε συλλογικά έργα και σε επιστημονικά περιοδικά άρθρα σχετικά με τις μεταμοσχεύσεις, την διακοπή της κύησης και την ιατρικώς υποβοηθούμενη αναπαραγωγή σε ψυχικά ασθενείς. Το 2012 συμμετείχε στο ντοκιμαντέρ της Αλεξάνδρας Δάφνη “Break the silence” με θέμα την ενδοοικογενειακή βία.\n\nΤα επιστημονικά της ενδιαφέροντα περιλαμβάνουν, εκτός από τη βιοηθική και τη νομική, τη φεμινιστική θεώρηση του δικαίου και τη σχέση του τελευταίου με τις τέχνες εν γένει. \n', ''),
(11, 11, 'Δημόπουλος Χρ. Νικόλαος,\r\nΓεννήθηκε το 1987. Το 2005 αποφοίτησε από το 1ο Ενιαίο Λύκειο Συκεών Θεσσαλονίκης. Την ίδια χρονιά εισήχθη στη Νομική Σχολή του ΑΠΘ από την οποία και αποφοίτησε το 2009 με βαθμό πτυχίου «Άριστα» (9,13). Κατά τη διάρκεια των προπτυχιακών του σπουδών διετέλεσε υπότροφος του κληροδοτήματος Ν. Αβραμίδη.\r\nΤο 2011 έλαβε την άδεια ασκήσεως δικηγορικού επαγγέλματος και έκτοτε είναι εγγεγραμμένος ως δικηγόρος παρά πρωτοδίκαις στον Δικηγορικό Σύλλογο Θεσσαλονίκης.\r\nΤο 2010 εισήχθη στο διετές Πρόγραμμα Μεταπτυχιακών Σπουδών του Τομέα Δημοσίου Δικαίου και Πολιτικής Επιστήμης της Νομικής Σχολής του ΑΠΘ ως υπότροφος του ΙΚΥ από το οποίο και αποφοίτησε το 2013 με βαθμό «Άριστα» (9,25). Η διπλωματική εργασία που εκπόνησε στο Συνταγματικό Δίκαιο έλαβε βαθμό «Άριστα» (10).\r\nΑπό το 2012 είναι μεταπτυχιακός φοιτητής του διετούς Διατμηματικού  Μεταπτυχιακού Προγράμματος Ειδίκευσης «ΣΥΓΧΡΟΝΕΣ ΙΑΤΡΙΚΕΣ ΠΡΑΞΕΙΣ: ΔΙΚΑΙΪΚΗ ΡΥΘΜΙΣΗ ΚΑΙ ΒΙΟΗΘΙΚΗ ΔΙΑΣΤΑΣΗ» των Σχολών Νομικής, Ιατρικής, Οδοντιατρικής και Θεολογίας του ΑΠΘ, με υποτροφία του Ιδρύματος Λίλιαν Βουδούρη. Στο πλαίσιο του προγράμματος αυτού, έχει συγγράψει μελέτες απτόμενες ζητημάτων υποβοηθούμενης αναπαραγωγής και γενικότερα βιοηθικής, καθώς επίσης και θεμάτων αστικής ιατρικής ευθύνης.\r\nΤο 2010 συμμετείχε στο διεθνές πρόγραμμα Munich University Summer Training in German and European Law του LMU (Πανεπιστήμιο του Μονάχου)  όπου παρακολούθησε μαθήματα Γερμανικού Δικαίου και Δικαίου της ΕΕ. Περάτωση του προγράμματος με βαθμό «Άριστα» (1,8).\r\nΈχει άριστη γνώση της Αγγλικής γλώσσας και πολύ καλή γνώση της Γερμανικής. \r\n', ''),
(12, 12, 'Η Χριστίνα Σαχινίδου γεννήθηκε το 1977 στη Θεσσαλονίκη. Το 1997 αποφοίτησε από το 2ο Γενικό Εσπερινό Λύκειο Θεσσαλονίκης και εισήχθη στο Τμήμα Ιατρικών Εργαστηρίων της Σχολής Επαγγελμάτων Υγείας και Πρόνοιας αποφοιτώντας το 2001 με βαθμό «άριστα» (9.00). Το 2008 εισήχθη στη Νομική Σχολή του Αριστοτελείου Πανεπιστημίου Θεσσαλονίκης από την οποία αποφοίτησε το 2012 με βαθμό «λίαν καλώς» (7.08).  Από το έτος 2012 είναι μεταπτυχιακή φοιτήτρια, ως πρώτη εισαχθείσα, Διατμηματικού Προγράμματος Μεταπτυχιακών Σπουδών (ΔΠΜΣ) του Αριστοτελείου Πανεπιστημίου Θεσσαλονίκης των τμημάτων και σχολών Νομικής, Ιατρικής, Οδοντιατρικής και Θεολογίας με τίτλο «Σύγχρονες Ιατρικές Πράξεις: Δικαιϊκή Ρύθμιση και Βιοηθική Διάσταση».  Την παρούσα χρονική περίοδο βρίσκεται στο στάδιο εκπόνησης διπλωματικής εργασίας με θέμα «Η Ιατρικώς Υποβοηθούμενη Αναπαραγωγή στους τρανσέξουαλ». \n\nΤο 2002 διορίστηκε στο Γενικό Νοσοκομείο Θεσσαλονίκης «ΙΠΠΟΚΡΑΤΕΙΟ» όπου και υπηρετεί έως σήμερα, διατελώντας υπηρεσία σε διάφορα πόστα του φορέα της και της Υγειονομικής Περιφέρειας όπου αυτός ανήκει, όπως Εθνικό Περιφερειακό Κέντρο Ιστοσυμβατότητας,  Κέντρο Μοριακού Ελέγχου Αίματος, Ιατρικό Επιστημονικό περιοδικό «Ιπποκράτεια» αλλά και ως  γραμματέας σε συλλογικά και μονομελή όργανα της Διοίκησης (Περιφερειακό Συμβούλιο Επιλογής και Αξιολόγησης Ιατρών Ε.Σ.Υ, Επιστημονικό και Διοικητικό Συμβούλιο,  γραφείο Διοικητή). \n\nΣτο επιστημονικό της έργο περιλαμβάνονται δημοσιεύσεις σε επιστημονικά περιοδικά, εισηγήσεις και ανακοινώσεις σε συνέδρια καθώς και παρακολούθηση αυτών, που άπτονται και των δύο γνωστικών πεδίων που κατέχει.\n', ''),
(13, 13, '', ''),
(14, 14, 'Γεννήθηκε στις Σέρρες, το έτος 1985. Αποφοίτησε από το 1ο Ενιαίο Λύκειο Σερρών το έτος 2002 και εισήχθη στη Νομική Σχολή του ΑΠΘ, όπου και ολοκλήρωσε τις προπτυχιακές της σπουδές το έτος 2007 με βαθμό «Λίαν Καλώς». \r\n Το έτος 2008 έλαβε Μεταπτυχιακό Δίπλωμα Ειδίκευσης Β’ Επιπέδου στην «Εφαρμοσμένη Κλινική Βιοηθική» στην Ι Σχολή Ιατρικής και Χειρουργικής του Πανεπιστημίου «La Sapienza» της Ρώμης με τιμητική διάκριση. Την ίδια χρονιά, παρακολούθησε μαθήματα σε σχέση με το Βιοδίκαιο στη Σχολή Ιατρικής και Χειρουργικής του Καθολικού Πανεπιστημίου «Sacro Cuore» της Ρώμης. Το έτος 2014 ολοκλήρωσε τις σπουδές της στο Διατμηματικό Πρόγραμμα Μεταπτυχιακών Σπουδών των Σχολών Νομικής, Ιατρικής, Οδοντιατρικής και του Τμήματος Θεολογίας του ΑΠΘ με τίτλο «Σύγχρονες ιατρικές πράξεις: Δικαιϊκή ρύθμιση και βιοηθική διάσταση» με θέμα της διπλωματικής της εργασίας «Η έννοια της επιπλοκής. Ιατρική σκοπιά, ορισμός και εφαρμογή στην Αστική Δίκη» με βαθμό «Άριστα».  Από το Μάρτιο του 2014 πραγματοποιεί έρευνα στη Νομική Σχολή του ΑΠΘ με αντικείμενο την Υποβοηθούμενη αναπαραγωγή και προστασία του εμβρύου in vitro στο πλαίσιο της Δράσης ΑΡΙΣΤΕΙΑ ΙΙ.\r\nΤο έτος 2012 συμμετείχε ως εισηγήτρια στις επιστημονικές ημερίδες «Δωρεά και Μεταμόσχευση οργάνων υπό το πρίσμα του Ν. 3984/2011» και «Διακοπή της κύησης: Ιατρικά, νομικά και ηθικά ζητήματα». \r\nΑπό το έτος 2009 ασκεί μαχόμενη δικηγορία ως Δικηγόρος παρά Πρωτοδίκαις και μέλος του Δικηγορικού Συλλόγου Θεσσαλονίκης με εξειδίκευση σε υποθέσεις ιατρικής ευθύνης και Δικαίου της Υγείας εν γένει. \r\nΈχει άριστη γνώση της αγγλικής γλώσσας, πολύ καλή γνώση της ιταλικής γλώσσας, καλή γνώση της γαλλικής γλώσσας και βασικές γνώσεις της πορτογαλικής γλώσσας.\r\n', '');

-- --------------------------------------------------------

--
-- Table structure for table `static_content`
--

CREATE TABLE IF NOT EXISTS `static_content` (
  `id` int(11) NOT NULL AUTO_INCREMENT,
  `label` varchar(100) CHARACTER SET utf8 COLLATE utf8_unicode_ci DEFAULT NULL,
  `alias` varchar(100) CHARACTER SET utf8 COLLATE utf8_unicode_ci NOT NULL,
  `content` text CHARACTER SET utf8 COLLATE utf8_unicode_ci NOT NULL,
  `lang_id` int(11) NOT NULL,
  PRIMARY KEY (`id`),
  KEY `lang_id` (`lang_id`),
  KEY `alias` (`alias`)
) ENGINE=InnoDB  DEFAULT CHARSET=latin1 AUTO_INCREMENT=4 ;

--
-- Dumping data for table `static_content`
--

INSERT INTO `static_content` (`id`, `label`, `alias`, `content`, `lang_id`) VALUES
(1, 'Research Content', 'research_content', '<h4 class="static-header">THE CASE</h4>\r\nSince the birth of the first child with the help of artificial insemination till today, that the methods of assisted reproduction are being widely applied all over the world, 34 years have passed. During this period of time a debate regarding the necessity of laws and regulations governing the application of the methods of assisted reproduction and the protection of the genetic material in the laboratories has arisen.\r\n\r\nThe need of regulatory legislature also became apparent through the appreciation of the <i><strong>risks associated</strong></i> with the application of the methods of assisted reproduction. These methods pose serious threats to the health and even the life of both the mother- and the child-to-be, risks that have often been underestimated or downplayed throughout the first years of application of the methods.\r\n\r\nThe <i><strong>high cost</strong></i> associated with assisted reproduction was another, rather significant factor, calling for the development of regulatory legislature. This cost burdens mostly the infertile couples, but also affects the national health services’ budgets, since they often cover part of the expenses for the procedure.\r\n\r\nCrucial <i><strong>legal issues</strong></i> that arise by the application of the methods of assisted reproduction and <i><strong>ethical aspects</strong></i> contribute equally in the formation of the regulatory legislature. The key issue of the legal status of the genetic material of the embryo, the recognition or non of the genetic material’s legal rights are only some of the issues in dispute arising from the application of the methods of assisted reproduction. Moreover, in the development of the regulatory legislature a rather important factor has been the realization of the need to preserve the <i><strong>child’s-to-be</strong></i> benefits by adopting specific restrictions on the choice of persons that wish to have a child. Lastly, given the fact that this particular medical application has a significant impact on <i><strong>family relationships</strong></i> and creates various <i><strong>relationship issues</strong></i>, especially when third persons participate to the reproduction procedure (e.g. heterologous insemination, surrogate motherhood), a legislature governing the process was deemed necessary.\r\n\r\nIn this context the European countries have instituted laws governing the application of methods of assisted reproduction at the European and the national level. These laws, however, were brought into power at different time points across the various countries, depending on the progress in each country. The strictness or leniency of these laws reflected each country’s position on crucial issues associated with implementation of assisted reproduction, such as the determination of the specific time-point at which life begins, the nature of the genetic material, the fertilized egg and the embryo, the freedom to perform research etc.\r\n\r\nAt the same time, the treaty of Oviedo, being a framework, deals with a vast number of issues, associated with the application of Biotechnology on humans. Methods of assisted reproduction, however, are only cited in articles 14 and 18, the former prohibiting the use of the methods for selection of a future’s child sex, unless “serious hereditary sex-related disease is to be avoided” and the latter outlawing the creation of human embryos for research purposes and, in case the national laws allow in vitro research on embryos, requesting the enforcement of adequate protection of the embryo. This limited reference of the methods of assisted reproduction in the Oviedo Treaty should be associated with the fact that differences in the national and cultural heritage did not allow to reach a consensus on a number of issues. Many of the member-states of the European Council, did not sign the treaty.\r\n\r\nSince signing the Oviedo treaty, many European countries enacted laws governing the application of methods of assisted reproduction and the protection of the embryo and the fertilized egg. These laws became a necessity because of the widespread application of the methods and were in agreement with the Oviedo treaty. Given the lack of a common and binding position, it is to be expected that national laws do not regulate these crucial issues in a similar way. As a result, today, <i><strong>a mosaic of national legislatures</strong></i> has been created, with each national legislature differing from the other widely in its trends and directions.\r\n\r\nDivergences between national legislatures give rise to problems of particular importance, especially to those associated with the application and control of assisted human reproduction and in vitro research on embryos. To be mentioned are mainly:\r\n<ul>\r\n<li>The <i><strong>non-egalitarian access of all the European citizens to the achievements and advancements of the reproductive technology.</strong></i> As a result of this, many citizens seek ways to <i><strong>bypass restrictions</strong></i> in the application of methods of assisted reproduction in their countries. Furthermore <i><strong>access to the methods of assisted reproduction becomes directly associated to the individual’s financial status</strong></i>, expanding the already present class distinctions.</li>\r\n<li>In <i><strong>research</strong></i>, scientists operating in countries that have opted for a strict legislation in this field, come up against severe impediments compared to their colleagues working in other countries that have adopted more liberal approaches.</li>\r\n<li>Regulations posed by restrictive legislations, in addition to problems associated with international scientific cooperation, give rise to issues associated with the application of proportionality, since they minimize application of the methods of assisted reproduction.</li>\r\n<li>Furthermore, national legislations only seldom take into consideration the <i><strong>risks associated with assisted human reproduction</strong></i>, which are caused by the progress in the field of biotechnology.</li></ul>\r\n<h4 class="static-header">PROPOSALS</h4>\r\n\r\nThe research proposal includes:\r\n[1] Identification of the key points of current legislature regarding methods of assisted reproduction and\r\nprotection of the genetic material in Europe. The research will examine specific groups of countries. Using these criteria, the Swedish legislature was selected from the countries of Northern Europe, the German and French from the countries of Central Europe and the Greek and Italian from the countries of Southern Europe. It will also extend to the Anglo-Saxon Law of England.\r\n[2] In addition to the recording of the regulatory legislation, the research proposal will include:\r\n[a] The recording of case law, which has been created during the past 15 years, since signing the Oviedo treaty.\r\n[b] The recording of the opinions of the Heads of the Bioethics Committees of these countries on the problems, which the existing legislature has created during its application, as well as their suggestions on how to improve it.\r\n[c] The recording of the corresponding opinions of the Heads of National Agencies of Medically Assisted Reproduction, where they are operative or have at least been for some time-interval.\r\n[d] The recording of the opinions of scientific societies or groups of citizens on studying and putting forward any problems associated with the assisted reproduction and protection of the genetic material.\r\n[e] The recording of the opinion of the Head of a Center of Assisted Reproduction.\r\n[f] The collection and study of the relative bibliography, as well as of all associated decisions and reports, by the Bioethics Committees or the National Agencies of Medically Assisted Reproduction.\r\n[3] Upon completion of individual national searches, results collection and evaluation, all proposals will be recorded and comparison with data from other countries will follow. Eventually the common grounds of the individual proposals will be combined.\r\n<h4 class="static-header">METHODOLOGY</h4>\r\nThe research will be carried out through the use of two <i><strong>questionnaires</strong></i>.\r\nThe questionnaires will allow gathering of the necessary key-points in a unified way. More specifically:\r\nThe first questionnaire will focus on the content of the national legislature on assisted human reproduction and research on genetic material in the aforementioned European countries. This questionnaire will be filled in by five young researchers, doing field research in collaboration with faculty members of the countries, where the research will take place.\r\nThe second questionnaire will be aimed at reference persons, whose opinion will be requested on the enacted legislation and the problems it may cause. Furthermore, their input as to what can be done to deal with these problems will be requested.\r\nA form for the recording of jurisprudence (case law) of individual countries will also be prepared.\r\nThe questionnaires will be prepared by the five researchers under the supervision of the principal investigators. Before the questionnaires are finalized, each researcher will fill in the questionnaires with data from the Greek legislature, three times, so as to familiarize with the questionnaires and optimize their content.\r\nThe researchers will then visit each of the selected countries (Sweden, Germany, France, Italy and England) for approximately one month, to gather the necessary data. The first questionnaire will be filled in by the researcher, in collaboration with faculty members of the host country. An interview with the person of reference will be held for the second questionnaire.\r\n<h4 class="static-header">DIFFUSION OF RESEARCH RESULTS</h4>\r\nOnce the elaboration of the questionnaires, the recording of the conclusions and the formulation of proposals on confronting the problem, are all completed, the conclusive findings will be forwarded to all the reference persons, whose views had played a major role in their development.\r\n\r\nNext, a (two-day) European Congress will be organized, in which the reference-persons from Greece as well as the five countries, whose legislature will have been analyzed in depth (Sweden, Germany,\r\nFrance, Italy and England), as well as scientists from foreign universities, the Heads of the Bioethics Committees and of the National Agencies of Medically Assisted Reproduction, the European Commissioner of Justice, Fundamental Rights and Citizenship, the Presidents of IFFS and ESHRE and the President of the Council of Europe will be invited. It is estimated that approximately 120 persons will attend the meeting. The Congress and its conclusions will be published online and in the Press, and upon completion of the Congress its proceedings will be published.\r\n\r\nFurthermore, every researcher will have to publish his findings in a peer-reviewed journal upon completion of his research in the country he was assigned.\r\n\r\nThe Proceedings of the Congress and the final proposals of the research team will be delivered to the Council of Europe, to the European Commissioner of Justice, Fundamental Rights and Citizenship, to the President of the European Parliament, to the National Agencies of Medically Assisted Reproduction as well as to the President of the Greek Parliament.\r\n<h4 class="static-header">BIBLIOGRAPHICAL REFERENCES</h4>\r\n<i>Abrams Μ.</i>, The European Convention on Human Rights and Biomedicine, in Sicilianos/Gavouneli, Scientific and Technological Development and Human Rights, 2001, p. 187 ff.\r\n\r\n<i>Bondis I.</i>, Principles of Obstetrics and Gynaecology (from Greek), 2002.\r\n\r\n<i>Faßbender K.</i>, Der Schutz des Embryos und die Humangenetik: Zur Verfassungsmäßigkeit des neuen Stammzellengesetzes und des Embryonenschutzgesetzes im Lichte des einschlägigen Arzthaftungsrecht, MedR 2003, p. 279 ff.\r\n\r\n<i>Fuchs H.</i>, Protection of the embryo and stem cell research (from Greek), in M. Kaiafa-Gbandi/E. Kounougeri-Manoledaki/E. Symeonidou-Kastanidou, Publications on Medical Law and Bioethics-10, 2009, p. 7 ff.\r\n\r\n<i>Gabridou G.</i>, “The assisted reproduction as a field of public control (from Greek), in G. Papadimitriou/A. Makridimitris/Ch. Chrysanthakis, Public Law and policies in Biomedicine, 2007, p. 91 ff.\r\n\r\n<i>Hilgendorf E.</i>, The debate between Law and Bioethics in Germany, in M. Kaiafa-Gbandi/E. Kounougeri- Manoledaki/E. Symeonidou-Kastanidou, Publications on Medical Law and Bioethics-10, 2009, p. 27 ff.\r\n\r\n<i>Iliadou Aik.</i>, Biomedicine and Human Rights-Notes based on the treaty of the Council of Europe on Biomedicine (from Greek), ToS 2000, p. 257 ff.\r\n\r\n<i>Kamp I.</i>, Die Europäische Bioethik-Konvention, Medizinische Versuche an einwilligungsfähigen Menschen unter besonderer Berücksichtigung der Vorgaben im nationalen und internationalen Recht, 2000.\r\n\r\n<i>Κöck E.</i>, Der (Straf)rechtliche Schutz des Embryos, ÖJZ 2006, p. 631 ff.\r\n\r\n<i>Kounougeri-Manoledaki E.</i>, Stem cells: Legal issues and legal provisions (from Greek), Chronika Idiotikou Dikaiou 2009, p. 385 ff.\r\n\r\n<i>Koutsouradis A.</i>, Issues in surrogate motherhood – especially since law 3305/2005 (from Greek), Nomiko Vima 2006, p. 337 ff.\r\n\r\n<i>Kriari-Katrani I.</i>, Biomedical advances and Constitutional law (from Greek), 1994.\r\n\r\n<i>Kutzer K.</i>, Embryonenschutzgesetz-Wertungswidersprüche zu den Regelungen beim Schwangerschaftsabbruch, Früheuthanasie, Sterbehilfe und Transplantation?, MedR 2002, p. 24 ff. \r\n\r\n<i>Milapidou M.</i>, Preimplatation diagnosis as a form of research on human genetic material (from Greek), in M. Kaiafa-Gbandi/E. Kounougeri-Manoledaki/E. Symeonidou-Kastanidou, Publications on Medical Law and Bioethics-10, 2009, p. 63 ff.\r\n\r\n<i>Milapidou M.</i>, Physical integrity and assisted reproduction – The criminal responsibility in view of therapeutic treatment (from Greek), 2011.\r\n\r\n<i>Rethimniotaki E.</i>, Regulation or autoregulation? The case of assisted reproduction (from Greek), 2003.\r\n\r\n<i>Tarlatzis B.</i>, Artificial Insemination (from Greek), 1997.\r\n\r\n<i>Vidalis T.</i>, Life without a face. The Constitution and the use of human genetic material (from Greek), 2003.', 1),
(3, 'Ερευνητικό Πρόγραμμα', 'research_content', 'Από τη γέννηση του πρώτου παιδιού με τη βοήθεια της εξωσωματικής γονιμοποίησης, μέχρι σήμερα που οι μέθοδοι ιατρικής υποβοήθησης της αναπαραγωγής εφαρμόζονται ευρύτατα σε ολόκληρο τον κόσμο, έχουν περάσει 35 χρόνια. Κατά το χρονικό αυτό διάστημα, παράλληλα με την ιατρική - τεχνολογική πρόοδο και εξαιτίας αυτής, αναπτύχθηκε η συζήτηση σχετικά με την αναγκαιότητα νομοθετικών κειμένων και ρυθμιστικών κανόνων για την εφαρμογή των μεθόδων υποβοηθούμενης ανθρώπινης αναπαραγωγής και την προστασία του γεννητικού υλικού στα ιατρικά εργαστήρια.\n  \nΉταν αρχικά η <i><strong>έκταση</strong></i> που έλαβε η εφαρμογή των μεθόδων ιατρικής υποβοήθησης της αναπαραγωγής, η οποία συγκέντρωσε το ενδιαφέρον της κοινής γνώμης και - για τον λόγο αυτό και του ίδιου - του κράτους. Η ανάγκη για νομοθετική παρέμβαση προέκυψε εξάλλου και από τη συνειδητοποίηση των <i><strong>κινδύνων</strong></i> που συνεπάγεται η εφαρμογή των μεθόδων υποβοηθούμενης αναπαραγωγής για τη ζωή και την υγεία της μέλλουσας γυναίκας και του παιδιού που πρόκειται να γεννηθεί. Μια ακόμα ιδιαίτερα καθοριστική παράμετρος για τη διαμόρφωση ενός ρυθμιστικού νομοθετικού πλαισίου υπήρξε και το <i><strong>αυξημένο κόστος</strong></i> της εφαρμογής των μεθόδων ιατρικής υποβοήθησης της αναπαραγωγής. Στη διαμόρφωση του ρυθμιστικού πλαισίου συνέβαλαν εξίσου και τα <i><strong>ζητήματα ηθικής</strong></i>, όπως και πλειάδα <i><strong>νομικών θεμάτων</strong></i> που ανακύπτουν κατά την εφαρμογή των μεθόδων της υποβοηθούμενης ανθρώπινης αναπαραγωγής. Περαιτέρω, στη διαμόρφωση του σχετικού νομοθετικού πλαισίου καταλυτικός παράγοντας υπήρξε και η συνειδητοποίηση της ανάγκης να διασφαλιστούν τα <i><strong>συμφέροντα του παιδιού</strong></i> που πρόκειται να γεννηθεί. Τέλος, δεδομένου ότι η συγκεκριμένη ιατρική εφαρμογή έχει σημαντικό αντίκτυπο στις <i><strong>οικογενειακές σχέσεις</strong></i> και δημιουργεί μια σειρά από <i><strong>ζητήματα συγγένειας</strong></i>, η νομοθετική της ρύθμιση κρίθηκε, και για το λόγο αυτό, αναγκαία.\n\nΣτο πλαίσιο αυτό, σε ευρωπαϊκό επίπεδο, τα κράτη υιοθέτησαν νομοθετικές ρυθμίσεις για την αξιοποίηση των μεθόδων ιατρικής υποβοήθησης της αναπαραγωγής. Με δεδομένη, όμως, την έλλειψη ενιαίων και δεσμευτικών υπερεθνικών κανόνων, οι επιμέρους εθνικές νομοθεσίες δεν ρυθμίζουν με τρόπο κοινό τα κρίσιμα αυτά ζητήματα. Είναι χαρακτηριστικό ότι ακόμα και η Σύμβαση του Οβιέδο, που υπογράφηκε από τα κράτη μέλη του Συμβουλίου της Ευρώπης το 1997, κάνει περιορισμένη αναφορά στις μεθόδους ΙΥΑ, απαγορεύοντας μόνο την προεπιλογή φύλου και τη δημιουργία ανθρώπινων εμβρύων για ερευνητικούς σκοπούς. Τούτο οφείλεται στο γεγονός ότι η διαφορετική εθνική και πολιτιστική κληρονομιά, η διαφορετική ένταση της επιρροής που ασκούν οι θρησκευτικές πεποιθήσεις στη διαμόρφωση της εθνικής νομοθεσίας, ακόμα και ο διαφορετικός τρόπος που εξασκείται η ιατρική σε κάθε κράτος δεν επέτρεψαν τη διαμόρφωση μιας κοινής αντίληψης σε περισσότερα ζητήματα μεταξύ των εκπροσώπων των επιμέρους κρατών.\n\nΟι ουσιώδεις αποκλίσεις που εμφανίζουν οι επιμέρους εθνικές νομοθεσίες δημιουργούν ιδιαίτερα σοβαρά προβλήματα, οδηγώντας στη μη ισότιμη πρόσβαση όλων των πολιτών της Ευρώπης στα επιτεύγματα της αναπαραγωγικής τεχνολογίας, στη δημιουργία προβλημάτων στο επίπεδο της διεθνούς επιστημονικής συνεργασίας και στη μη ομοιόμορφη αντιμετώπιση από τις εθνικές νομοθεσίες των κινδύνων που συνδέονται με την εξέλιξη της βιοτεχνολογίας.\n \nΑυτά τα προβλήματα που δημιουργούνται από τη διαρκή εξέλιξη της βιοτεχνολογίας  στον χώρο της υποβοηθούμενης αναπαραγωγής και των ερευνών στο γεννητικό υλικό δεν μπορούν ασφαλώς να εξαλειφθούν. Ωστόσο, μπορούν να αναζητηθούν οι κοινές συνιστώσες των επιμέρους εθνικών νομοθεσιών, ώστε αυτά να περιοριστούν.\n\n Σε αυτή την κατεύθυνση κινείται η παρούσα ερευνητική πρόταση. Πιο συγκεκριμένα, η έρευνα που θα διεξαχθεί θα έχει ως στόχους: (1) να αναδείξει τα προβλήματα που περιγράφηκαν πιο πάνω και τις επιπτώσεις τους στις κοινωνίες και τη ζωή των ατόμων, (2) να καταγράψει τα αίτια που δημιουργούν τα προβλήματα αυτά, τα οποία άλλοτε σχετίζονται με την υπάρχουσα νομοθεσία ή τον τρόπο εφαρμογής της και άλλοτε με την έλλειψη νομοθεσίας και (3) να αναζητήσει προτάσεις για την αποτελεσματική αντιμετώπιση των προβλημάτων, οι οποίες μπορούν  - ή πρέπει - να γίνουν ευρύτερα αποδεκτές στον ευρωπαϊκό χώρο.\n\nΓια τον σκοπό αυτό θα γίνει:\n\n<ol><li>Καταγραφή των βασικών σημείων της ισχύουσας σήμερα στα ευρωπαϊκά κράτη νομοθεσίας σχετικά με την υποβοηθούμενη ανθρώπινη αναπαραγωγή και την προστασία του γεννητικού υλικού. Με δεδομένο ότι, παρά επιμέρους διαφοροποιήσεις, τα δίκαια συγκεκριμένων χωρών εμφανίζουν σημαντικές ομοιότητες ως προς τις βασικές τους κατευθύνσεις, και λαμβάνοντας υπόψη το γεγονός ότι αντικείμενο της έρευνας δεν είναι η απλή περιγραφή των ισχυουσών ρυθμίσεων, αλλά η <i><strong>ποιοτική ανάλυση</strong></i> του υπάρχοντος νομοθετικού πλαισίου, η έρευνα θα αφορά ομάδες και όχι το σύνολο των ευρωπαϊκών χωρών. Έτσι, από τις χώρες της Βόρειας Ευρώπης η έρευνα θα αφορά το δίκαιο της Σουηδίας, από τις χώρες της Κεντρικής Ευρώπης, τα δίκαια της Γερμανίας και της Γαλλίας, από τις χώρες της Νότιας Ευρώπης τα δίκαια της Ελλάδας και της Ιταλίας. Θα επεκταθεί επίσης στο αγγλοσαξονικό δίκαιο της Μεγάλης Βρετανίας και της Ιρλανδίας.</li>\n<li>Σε ό,τι αφορά το περιεχόμενό της, η έρευνα θα περιλαμβάνει, πέραν της καταγραφής των νομοθετικών ρυθμίσεων: (α) καταγραφή της νομολογίας που έχει διαμορφωθεί κατά τα τελευταία 15 χρόνια, μετά, δηλαδή, από τη Συνθήκη του Οβιέδο, (β) καταγραφή των απόψεων των επικεφαλής των Επιτροπών Βιοηθικής των χωρών αυτών σχετικά με τα προβλήματα που έχει δημιουργήσει η υπάρχουσα νομοθεσία κατά την εφαρμογή της αλλά και σχετικά με πιθανές βελτιώσεις της νομοθεσίας αυτής, (γ) καταγραφή αντίστοιχων απόψεων των επικεφαλής Εθνικών Αρχών Ιατρικώς Υποβοηθούμενης Αναπαραγωγής, όπου λειτουργούν ή έστω λειτούργησαν για κάποιο χρονικό διάστημα, (δ) καταγραφή των απόψεων επιστημονικών ενώσεων ή ενώσεων πολιτών για την μελέτη και ανάδειξη προβλημάτων που σχετίζονται με την υποβοηθούμενη αναπαραγωγή και την προστασία του γεννητικού υλικού, (ε) καταγραφή αντίστοιχων απόψεων του επικεφαλής ενός Κέντρου υποβοήθησης της αναπαραγωγής, (στ) συγκέντρωση και μελέτη της σχετικής βιβλιογραφίας, καθώς και σχετικών αποφάσεων και εκθέσεων που έχουν εκδώσει οι Επιτροπές Βιοηθικής ή οι Αρχές Προστασίας της Υποβοηθούμενης Αναπαραγωγής.</li>\n<li>Μετά την ολοκλήρωση των επιμέρους ερευνών, την συγκέντρωση των αποτελεσμάτων και την αξιολόγησή τους, θα καταγραφεί το σύνολο των προτάσεων και θα ακολουθήσει η διαδικασία σύγκρισης με τα δεδομένα των υπόλοιπων χωρών, καθώς και η διαδικασία σύνθεσης των κοινών τόπων των επιμέρους προτάσεων.</li></ol>\nΗ έρευνα δεν θα περιοριστεί όμως μόνο στις εθνικές νομοθεσίες. Αναγκαία κρίνεται επιπλέον η καταγραφή της νομολογίας του Ευρωπαϊκού Δικαστηρίου Δικαιωμάτων του Ανθρώπου σε θέματα που σχετίζονται με την υποβοηθούμενη αναπαραγωγή και την προστασία του γεννητικού υλικού, καθώς αποδίδει την κοινή ευρωπαϊκή αντίληψη για τα θέματα αυτά.\n\nΤέλος, η έρευνα θα εμπλουτιστεί και με την αναζήτηση και καταγραφή απόψεων διεθνών ενώσεων που ασχολούνται με τα ηθικά και νομικά ζητήματα τα οποία εγείρει η υποβοηθούμενη αναπαραγωγή, όπως η European Society of Human Reproduction and Embryology (ESHRE) και εκπροσώπων της International Federation of Fertility Societies (IFFS).\n\nΜε βάση το σύνολο αυτών των πληροφοριών, θα διατυπωθούν πλέον συγκεκριμένες προτάσεις που θα συγκεντρώνουν ευρύτερη συναίνεση σε ευρωπαϊκό επίπεδο ή που η υιοθέτησή τους είναι πλέον αναγκαία με βάση τα σύγχρονα πορίσματα της ιατρικής για την προστασία της μέλλουσας μητέρας και του παιδιού που πρόκειται να γεννηθεί.  \n\n', 2);

-- --------------------------------------------------------

--
-- Table structure for table `users`
--

CREATE TABLE IF NOT EXISTS `users` (
  `id` int(11) NOT NULL AUTO_INCREMENT,
  `username` varchar(20) COLLATE utf8_unicode_ci NOT NULL,
  `password` varchar(50) COLLATE utf8_unicode_ci NOT NULL,
  `email` varchar(50) COLLATE utf8_unicode_ci NOT NULL,
  `profile_id` int(11) NOT NULL DEFAULT '4',
  `created_at` datetime DEFAULT NULL,
  `updated_at` datetime DEFAULT NULL,
  PRIMARY KEY (`id`),
  UNIQUE KEY `username` (`username`),
  UNIQUE KEY `email` (`email`),
  KEY `index_users_on_profile_id` (`profile_id`)
) ENGINE=InnoDB  DEFAULT CHARSET=utf8 COLLATE=utf8_unicode_ci AUTO_INCREMENT=33 ;

--
-- Dumping data for table `users`
--

INSERT INTO `users` (`id`, `username`, `password`, `email`, `profile_id`, `created_at`, `updated_at`) VALUES
(1, 'larry482gr', '2b39292acb691c8b4fcc8f9c8e4a77a0f263dff0', 'lakazantzis@gmail.com', 1, '2014-05-03 00:00:00', '2014-05-03 00:00:00'),
(2, 'stdespo', 'a09ba730bfc0a8567a182eb4e534c99425326670', 'stdespotopoulos@gmail.com', 1, '2014-05-04 19:00:00', '2014-05-04 19:00:00'),
(12, 'kastan', 'a57783a79191a9f54f767da55bb189c863dec405', 'kastan@law.auth.gr', 2, '2014-06-20 19:29:17', '2014-06-20 19:29:17'),
(14, 'Nikos Koumoutzis', '816fe42094b768098321983ed327344418c4bc06', 'nikos_koumoutzis@hotmail.com', 2, '2014-06-24 10:16:21', '2014-06-24 10:16:21'),
(15, 'chrysa', '5979226d3b0dce97c6509620c4a1fd240b3277b8', 'karagiox@otenet.gr', 4, '2014-06-24 11:59:26', '2014-06-24 11:59:26'),
(16, 'Μαρία Μηλαπίδου', '0acc34e83de372ce593b50f179f68633ea1dfed0', 'mimmaki@gmail.com', 2, '2014-06-24 23:44:08', '2014-06-24 23:44:08'),
(17, 'kalliopi.kipouridou', 'edbe6d22ff420d3eb7691fcf5e02fe1be16318f4', 'kalliopi.kipouridou@gmail.com', 2, '2014-06-26 13:01:02', '2014-06-26 13:01:02'),
(18, 'larry482', 'd795cd2cfd9a9a67982f23ec692785295d879bfc', 'larry482gr@yahoo.com', 4, '2014-06-26 20:56:43', '2014-06-26 20:56:43'),
(19, 'ΣΑΧΙΝΙΔΟΥ ΧΡΙΣΤΙΝΑ', 'fb4f4c8e92645655288e91a557ae880670d7f5f4', 'sachinidouchristina@hotmail.com', 2, '2014-06-28 14:37:45', '2014-06-28 14:37:45'),
(20, 'Ρωξάνη Φράγκου', '7c5f43c2600aceb90b1eeaebbec7943f09087679', 'roxannefragou@hotmail.com', 2, '2014-07-09 21:01:32', '2014-07-09 21:01:32'),
(21, 'mariannavasileiou', '1972409a057b9fbf68fdd993292fc9be81987bee', 'marva84@gmail.com', 2, '2014-07-12 15:56:09', '2014-07-12 15:56:09'),
(22, 'dpn21', '4863fe615453b1eebfe8ad0b311cf62453779ef2', 'dpn21@yahoo.com', 2, '2014-07-15 02:56:06', '2014-07-15 02:56:06'),
(26, 'Δημόπουλος Νίκος', '0d2b9e5a6253d13a410d9eb8468af2b3ae6bcc4b', 'niko-dimo@windowslive.com', 2, '2014-07-20 18:56:22', '2014-07-20 18:56:22'),
(27, 'atsalidis', 'c41646bc04bf076e052f03f6866a5031dedea6ae', 'a-tsalidis@hotmail.com', 2, '2014-07-25 11:43:23', '2014-07-25 11:43:23'),
(28, 'Kallia', '187e49a0f1fdf7a43857167d67c959caa758bfbf', 'kalliamp@hotmail.com', 4, '2014-08-06 05:02:02', '2014-08-06 05:02:02'),
(32, 'basagiannis', 'ae90540ded88c32c0de65619725dfcb2677fee01', 'basagiannis@gmail.com', 4, '2014-10-13 19:47:07', '2014-10-13 19:47:07');

-- --------------------------------------------------------

--
-- Table structure for table `user_infos`
--

CREATE TABLE IF NOT EXISTS `user_infos` (
  `user_id` int(11) NOT NULL,
  `first_name` varchar(20) COLLATE utf8_unicode_ci DEFAULT NULL,
  `last_name` varchar(30) COLLATE utf8_unicode_ci DEFAULT NULL,
  `faculty` varchar(255) COLLATE utf8_unicode_ci DEFAULT NULL,
  `postal_address` varchar(255) COLLATE utf8_unicode_ci DEFAULT NULL,
  `phone_number` varchar(16) COLLATE utf8_unicode_ci DEFAULT NULL,
  `activated` tinyint(1) NOT NULL DEFAULT '0',
  `blacklisted` tinyint(1) NOT NULL DEFAULT '0',
  `token` varchar(255) COLLATE utf8_unicode_ci DEFAULT NULL,
  PRIMARY KEY (`user_id`)
) ENGINE=InnoDB DEFAULT CHARSET=utf8 COLLATE=utf8_unicode_ci;

--
-- Dumping data for table `user_infos`
--

INSERT INTO `user_infos` (`user_id`, `first_name`, `last_name`, `faculty`, `postal_address`, `phone_number`, `activated`, `blacklisted`, `token`) VALUES
(1, 'Λάζαρος', 'Καζαντζής', NULL, NULL, NULL, 1, 0, NULL),
(2, 'Στέργιος', 'Δεσποτόπουλος', NULL, NULL, NULL, 1, 0, NULL),
(12, 'Ελισάβετ', 'Συμεωνίδου - Καστανίδου', NULL, NULL, NULL, 1, 0, NULL),
(14, 'Nikos', 'Koumoutzis', NULL, NULL, NULL, 1, 0, NULL),
(15, 'Χρύσα', 'Καραγιάννη', 'νομικός', '25ης Μαρτίου 16', '6944530403', 1, 0, NULL),
(16, 'Μαρία', 'Μηλαπίδου', NULL, NULL, NULL, 1, 0, NULL),
(17, 'ΚΑΛΛΙΟΠΗ', 'ΚΗΠΟΥΡΙΔΟΥ', 'ΔΙΚΗΓΟΡΟΣ', 'ΚΟΜΝΗΝΩΝ 22', '2310 276119', 1, 0, NULL),
(18, 'Λάζαρος', 'Καζαντζής', 'Web Developer', 'Νικομηδείας 19', '6945274744', 1, 0, NULL),
(19, NULL, NULL, NULL, NULL, NULL, 1, 0, NULL),
(20, NULL, NULL, NULL, NULL, NULL, 1, 0, NULL),
(21, 'Μαριάννα', 'Βασιλείου', NULL, NULL, NULL, 1, 0, NULL),
(22, 'ΘΕΟΔΩΡΑ', 'ΧΟΡΤΑΡΑ', 'ΔΙΚΗΓΟΡΟΣ', 'ΟΛΥΜΠΟΥ 90', '6942909228', 1, 0, NULL),
(26, NULL, NULL, NULL, NULL, NULL, 1, 0, NULL),
(27, NULL, NULL, NULL, NULL, NULL, 1, 0, NULL),
(28, 'Καλλιόπη ', 'Μπαριτάκη', 'Φοιτήτρια', 'Notice: Undefined variable: user in /var/www/vhosts/repro.law.auth.gr/httpdocs/app/template/user/register.tpl on line 93', 'Notice: Undefine', 1, 0, NULL),
(32, 'Αθανάσιος', 'Μπασαγιάννης', 'Δικηγορος', 'Βασιλέως Ηρακλειου 14', '6944203572', 1, 0, NULL);

--
-- Constraints for dumped tables
--

--
-- Constraints for table `events`
--
ALTER TABLE `events`
  ADD CONSTRAINT `FKEY_LANGUAGE_ID` FOREIGN KEY (`lang_id`) REFERENCES `languages` (`id`) ON UPDATE CASCADE;

--
-- Constraints for table `info_cat`
--
ALTER TABLE `info_cat`
  ADD CONSTRAINT `LANG_FKEY` FOREIGN KEY (`lang_id`) REFERENCES `languages` (`id`) ON UPDATE CASCADE,
  ADD CONSTRAINT `SUBTAB_FKEY` FOREIGN KEY (`tab_id`) REFERENCES `menu_subtabs` (`id`) ON UPDATE CASCADE;

--
-- Constraints for table `links`
--
ALTER TABLE `links`
  ADD CONSTRAINT `LINK_CAT_ID_FOREIGN_KEY` FOREIGN KEY (`cat_id`) REFERENCES `link_categories` (`id`);

--
-- Constraints for table `link_categories`
--
ALTER TABLE `link_categories`
  ADD CONSTRAINT `LANGUAGE_ID_FOREIGN_KEY` FOREIGN KEY (`lang_id`) REFERENCES `languages` (`id`);

--
-- Constraints for table `menu_subtabs`
--
ALTER TABLE `menu_subtabs`
  ADD CONSTRAINT `TAB_ID_FOREIGN_KEY` FOREIGN KEY (`tab_id`) REFERENCES `menu_tabs` (`id`) ON DELETE CASCADE ON UPDATE CASCADE;

--
-- Constraints for table `menu_tabs`
--
ALTER TABLE `menu_tabs`
  ADD CONSTRAINT `LANGUAGE_ID_FOREIGN_KAY` FOREIGN KEY (`lang_id`) REFERENCES `languages` (`id`);

--
-- Constraints for table `users`
--
ALTER TABLE `users`
  ADD CONSTRAINT `PROFILE_ID_FOREIGN_KEY` FOREIGN KEY (`profile_id`) REFERENCES `profiles` (`id`);

--
-- Constraints for table `user_infos`
--
ALTER TABLE `user_infos`
  ADD CONSTRAINT `USER_ID_FOREIGN_KEY` FOREIGN KEY (`user_id`) REFERENCES `users` (`id`) ON DELETE CASCADE ON UPDATE CASCADE;

/*!40101 SET CHARACTER_SET_CLIENT=@OLD_CHARACTER_SET_CLIENT */;
/*!40101 SET CHARACTER_SET_RESULTS=@OLD_CHARACTER_SET_RESULTS */;
/*!40101 SET COLLATION_CONNECTION=@OLD_COLLATION_CONNECTION */;
