-- phpMyAdmin SQL Dump
-- version 4.1.12
-- http://www.phpmyadmin.net
--
-- Host: hosted4db.ccf.auth.gr:3306
-- Generation Time: Nov 15, 2014 at 07:34 PM
-- Server version: 5.5.40-0ubuntu0.12.04.1
-- PHP Version: 5.4.33

SET SQL_MODE = "NO_AUTO_VALUE_ON_ZERO";
SET time_zone = "+00:00";


/*!40101 SET @OLD_CHARACTER_SET_CLIENT=@@CHARACTER_SET_CLIENT */;
/*!40101 SET @OLD_CHARACTER_SET_RESULTS=@@CHARACTER_SET_RESULTS */;
/*!40101 SET @OLD_COLLATION_CONNECTION=@@COLLATION_CONNECTION */;
/*!40101 SET NAMES utf8 */;

--
-- Database: `embryo-admin_survey`
--

-- --------------------------------------------------------

--
-- Table structure for table `categories`
--

CREATE TABLE IF NOT EXISTS `categories` (
  `id` int(11) NOT NULL AUTO_INCREMENT,
  `survey_id` int(11) NOT NULL,
  `label` varchar(255) COLLATE utf8_unicode_ci NOT NULL,
  PRIMARY KEY (`id`),
  KEY `survey_id` (`survey_id`)
) ENGINE=InnoDB  DEFAULT CHARSET=utf8 COLLATE=utf8_unicode_ci AUTO_INCREMENT=11 ;

--
-- Dumping data for table `categories`
--

INSERT INTO `categories` (`id`, `survey_id`, `label`) VALUES
(1, 1, 'Ι.ΝΟΜΟΘΕΤΙΚΟ ΠΛΑΙΣΙΟ ΓΙΑ ΤΗΝ ΥΠΟΒΟΗΘΟΥΜΕΝΗ ΑΝΑΠΑΡΑΓΩΓΗ'),
(2, 1, 'ΙΙ . Η ΥΠΟΒΟΗΘΟΥΜΕΝΗ ΑΝΑΠΑΡΑΓΩΓΗ ΣΕ ΖΕΥΓΑΡΙΑ'),
(3, 1, 'ΙΙΙ. ΕΙΔΙΚΕΣ ΜΟΡΦΕΣ ΥΠΟΒΟΗΘΟΥΜΕΝΗΣ ΑΝΑΠΑΡΑΓΩΓΗΣ'),
(4, 1, 'ΙV. ΥΠΟΒΟΗΘΟΥΜΕΝΗ ΑΝΑΠΑΡΑΓΩΓΗ KAI ΕΝΑΛΛΑΚΤΙΚΑ ΟΙΚΟΓΕΝΕΙΑΚΑ ΣΧΗΜΑΤΑ'),
(5, 1, 'V. ΑΣΦΑΛΕΙΑ ΔΙΕΞΑΓΩΓΗΣ ΥΠΟΒΟΗΘΟΥΜΕΝΗΣ ΑΝΑΠΑΡΑΓΩΓΗΣ'),
(6, 1, 'VΙ. ΘΕΜΑΤΑ ΒΙΟΗΘΙΚΗΣ ΣΤΗΝ ΥΠΟΒΟΗΘΟΥΜΕΝΗ ΑΝΑΠΑΡΑΓΩΓΗ'),
(7, 1, 'VΙΙ. «ΤΑ ΟΙΚΟΝΟΜΙΚΑ» ΤΗΣ ΥΠΟΒΟΗΘΟΥΜΕΝΗΣ ΑΝΑΠΑΡΑΓΩΓΗΣ'),
(8, 1, 'VIIΙ. ΣΧΕΣΕΙΣ ΣΥΓΓΕΝΕΙΑΣ ΣΤΗΝ ΥΠΟΒΟΗΘΟΥΜΕΝΗ ΑΝΑΠΑΡΑΓΩΓΗ'),
(9, 1, 'ΙΧ. ΖΗΤΗΜΑΤΑ ΙΔΙΩΤΙΚΟΥ ΔΙΕΘΝΟΥΣ ΔΙΚΑΙΟΥ ΣΤΗΝ ΥΠΟΒΟΗΘΟΥΜΕΝΗ ΑΝΑΠΑΡΑΓΩΓΗ'),
(10, 1, 'Χ. ΤΕΛΙΚΕΣ ΠΑΡΑΤΗΡΗΣΕΙΣ');

-- --------------------------------------------------------

--
-- Table structure for table `questions`
--

CREATE TABLE IF NOT EXISTS `questions` (
  `id` int(11) NOT NULL AUTO_INCREMENT,
  `subcat_id` int(11) NOT NULL,
  `type` int(11) NOT NULL,
  `text` varchar(4096) COLLATE utf8_unicode_ci NOT NULL,
  `help` text COLLATE utf8_unicode_ci,
  `answer_options` varchar(1024) COLLATE utf8_unicode_ci DEFAULT NULL,
  `has_other` tinyint(1) NOT NULL DEFAULT '0',
  `has_comment` tinyint(1) NOT NULL DEFAULT '0',
  PRIMARY KEY (`id`),
  KEY `subcat_id` (`subcat_id`),
  KEY `question_type` (`type`)
) ENGINE=InnoDB  DEFAULT CHARSET=utf8 COLLATE=utf8_unicode_ci AUTO_INCREMENT=98 ;

--
-- Dumping data for table `questions`
--

INSERT INTO `questions` (`id`, `subcat_id`, `type`, `text`, `help`, `answer_options`, `has_other`, `has_comment`) VALUES
(1, 1, 1, '1.1. Υπήρχαν συγκεκριμένα άτομα / ομάδες / κοινωνικοπολιτισμικές συνθήκες ή συγκεκριμένα γεγονότα που επηρέασαν τον εθνικό νομοθέτη για τη διαμόρφωση της ισχύουσας ειδικής νομοθεσίας σχετικά με την υποβοηθούμενη αναπαραγωγή [εφόσον υπάρχει];', NULL, 'ΝΑΙ-,-\r\nΟΧΙ-,-\r\nΔΕΝ ΓΝΩΡΙΖΩ', 0, 0),
(2, 1, 2, '1.2. Αν η απάντηση είναι ΝΑΙ, ποιοι ήταν αυτοί;', NULL, '(α) η Εκκλησία-,-\r\n(β) φεμινιστικές οργανώσεις-,-\r\n(γ) ιατρικοί σύλλογοι-,-\r\n(δ) Κέντρα ιατρικά υποβοηθούμενης αναπαραγωγής του εξωτερικού-,-\r\n(ε) άλλο', 1, 0),
(3, 2, 2, '1.1. Κατά τη γνώμη σας η υποβοηθούμενη αναπαραγωγή σε ζευγάρια θα πρέπει να επιτρέπεται όταν:', NULL, '(α) υπάρχει ιατρική αδυναμία απόκτησης παιδιών με φυσικό τρόπο-,-\n(β) προκειμένου να αποφευχθεί η μετάδοση ασθένειας-,-\n(γ) υπάρχει πραγματική αδυναμία απόκτησης παιδιού (λ.χ. ο σύζυγος βρίσκεται στη φυλακή)-,-\n(δ) το επιθυμεί το ζεύγος, έστω κι αν δεν υπάρχει πρόβλημα-,-\n(ε) άλλο ', 1, 0),
(4, 2, 1, '1.2. Θεωρείτε επαρκές το σύστημα ελέγχου των όρων πρόσβασης σε υποβοηθούμενη αναπαραγωγή;', NULL, 'ΝΑΙ-,-\r\nΟΧΙ-,-\r\nΔΕΝ ΓΝΩΡΙΖΩ', 0, 0),
(5, 2, 2, '1.3. Αν η απάντηση είναι ΟΧΙ, το πρόβλημα οφείλεται:', NULL, '(α) στη μη λειτουργία ειδικής αρχής ελέγχου της υποβοηθούμενης αναπαραγωγής;-,-\r\n(β) στην έλλειψη προσωπικού της ειδικής αρχής-,-\r\n(γ) στο γεγονός ότι δεν υπάρχει υποχρέωση των γιατρών να δηλώνουν πράξεις υποβοηθούμενης αναπαραγωγής-,-\r\n(δ) στο γεγονός ότι δεν υπάρχει υποχρέωση των μονάδων ιατρικά υποβοηθούμενης αναπαραγωγής να δηλώνουν πράξεις υποβοηθούμενης αναπαραγωγής-,-\r\n(ε) άλλο', 1, 0),
(6, 3, 2, '2.1. Θεωρείτε ορθό να προβλέπεται στο δίκαιο, ως προϋπόθεση εφαρμογής μεθόδων ΙΥΑ:', NULL, '(α) ανώτατο όριο ηλικίας των γυναικών;-,-\r\n(β) κατώτατο όριο ηλικίας των γυναικών;-,-\r\n(γ)  ανώτατο όριο ηλικίας των ανδρών;-,-\r\n(δ) κατώτατο όριο ηλικίας των ανδρών;', 0, 0),
(7, 3, 4, '2.2. Ποιο θα ήταν αυτό κατά τη γνώμη σας;', NULL, '(α)-,-\r\n(β)-,-\r\n(γ)-,-\r\n(δ)', 0, 0),
(8, 3, 1, '2.3. Θεωρείτε ότι θα πρέπει να ελέγχεται η υγεία των μελλοντικών γονέων πριν από την προσφυγή σε μεθόδους υποβοηθούμενης αναπαραγωγής (πλην της ιατρικής αδυναμίας απόκτησης παιδιών με φυσικό τρόπο);', NULL, 'ΝΑΙ-,-\r\nΟΧΙ', 0, 0),
(9, 3, 1, '2.4. Θεωρείτε ότι ελέγχεται στην πράξη η υγεία των μελλοντικών γονέων;', NULL, 'ΝΑΙ-,-\r\nΟΧΙ-,-\r\nΔΕΝ ΓΝΩΡΙΖΩ', 0, 0),
(10, 3, 1, '2.5. Θεωρείτε ότι πρέπει να παρέχεται δυνατότητα ανάκλησης της συναίνεσης κάθε συντρόφου, μετά τη χορήγηση του γεννητικού υλικού;', NULL, 'ΝΑΙ-,-\r\nΟΧΙ', 0, 0),
(11, 3, 3, '2.6. Αν ΝΑΙ, μέχρι ποιου χρονικού σημείου; Μπορεί να ανακαλείται και μετά τη γονιμοποίηση; Ακόμα κι αν έτσι δεν θα μπορέσει ποτέ ο άλλος να αποκτήσει δικό του βιολογικό παιδί, επειδή λ.χ. δεν διαθέτει άλλο γεννητικό υλικό;', NULL, NULL, 0, 0),
(12, 4, 1, '3.1. Πιστεύετε ότι πρέπει να επιτρέπεται η ετερόλογη γονιμοποίηση;', NULL, 'ΝΑΙ-,-\r\nΟΧΙ', 0, 0),
(13, 4, 1, '3.2. Αν ΝΑΙ, πιστεύετε ότι θα πρέπει να επιτρέπεται ακόμα κι όταν χρησιμοποιείται τόσο ξένο ωάριο όσο και ξένο σπέρμα;', NULL, 'ΝΑΙ-,-\r\nΟΧΙ', 0, 0),
(14, 5, 1, '4.1. Πιστεύετε ότι ανά κύκλο ΙΥΑ θα πρέπει να εμφυτεύεται:', NULL, '(α) ένα μόνο γονιμοποιημένο ωάριο-,-\r\n(β) 2 ή 3 γονιμοποιημένα ωάρια-,-\r\n(γ) όσα επιθυμεί το ζευγάρι-,-\r\n(δ) άλλο', 1, 0),
(15, 5, 1, '4.2. Σε περίπτωση εμφύτευσης πολλών γονιμοποιημένων ωαρίων, θα πρέπει να υπάρχει δυνατότητα επιλεκτικής μείωσης;', NULL, 'ΝΑΙ-,-\r\nΟΧΙ', 0, 0),
(16, 5, 1, '4.3. Θεωρείτε ότι θα πρέπει να προσφέρεται η δυνατότητα κρυοσυντήρησης του γεννητικού υλικού (σπέρματος / ωαρίων / γονιμοποιημένων ωαρίων);', NULL, 'ΝΑΙ-,-\r\nΟΧΙ', 0, 1),
(17, 5, 1, '4.4. Τι θα πρέπει κατά τη γνώμη σας να γίνεται το πλεονάζον γεννητικό υλικό;', NULL, '(α) να αξιοποιείται για την παραγωγή βλαστοκυττάρων-,-\r\n(β) να καταστρέφεται-,-\r\n(γ) να δωρίζεται -,-\r\n(δ) να διατίθεται για έρευνα-,-\r\n(ε) άλλο. Προσδιορίστε: ', 1, 0),
(18, 6, 1, '5.1. Θεωρείτε ότι θα πρέπει να επιτρέπεται η προεμφυτευτική διάγνωση;', NULL, 'ΝΑΙ-,-\r\nΟΧΙ', 0, 0),
(19, 6, 1, '5.2. Αν η απάντηση είναι ΝΑΙ,', NULL, '(α) κάθε φορά που το επιθυμεί το ζεύγος προκειμένου να ελεγχθούν όλες οι πιθανές γενετικές βλάβες;-,-\r\n(β) προκειμένου να επιτευχθεί η γέννηση παιδιού που θα μπορούσε να βοηθήσει στη θεραπεία του μεγαλύτερου αδελφού του που πάσχει από σοβαρή ασθένεια-,-\r\n(γ) προκειμένου να αποφευχθεί η μετάδοση στο παιδί σοβαρής ασθένειας των γονέων.-,-\r\n(δ) άλλο', 1, 0),
(20, 6, 1, '5.3. Θεωρείτε ότι θα πρέπει να επιτρέπεται η επιλογή φύλου μέσω της εφαρμογής των μεθόδων ΙΥΑ;', NULL, 'ΝΑΙ-,-\r\nΟΧΙ', 0, 0),
(21, 6, 1, '5.4. Αν η απάντηση είναι ΝΑΙ,', NULL, '(α) κάθε φορά που το επιθυμεί το ζεύγος-,-\r\n(β) προκειμένου να αποφευχθεί η μετάδοση σοβαρής ασθένειας που συνδέεται με το φύλο-,-\r\n(γ) όταν το ζεύγος έχει ήδη παιδιά του ίδιου φύλου-,-\r\n(δ) άλλο', 1, 0),
(22, 6, 1, '5.5. Θεωρείτε ότι θα πρέπει να επιτρέπεται η βελτίωση του γενετικού υλικού (προσδιορισμός ύψους, χρώματος, ευφυΐας κλπ του παιδιού);', NULL, 'ΝΑΙ-,-\r\nΟΧΙ', 0, 0),
(23, 6, 1, '5.6. Αν η απάντηση είναι ΝΑΙ,', NULL, '(α) κάθε φορά που το επιθυμεί το ζεύγος-,-\r\n(β) όταν η μειονεξία με την οποία αναμένεται ότι θα γεννηθεί το παιδί είναι πολύ σοβαρή -,-\r\n(γ) άλλο', 1, 0),
(24, 7, 1, '1.1. Θεωρείτε ότι θα πρέπει να επιτρέπεται η γονιμοποίηση μετά τον θάνατο του  / της συντρόφου που είχε συναινέσει σε αυτήν;', NULL, 'ΝΑΙ-,-\r\nΟΧΙ', 0, 0),
(25, 7, 1, '1.2. Αν η απάντηση είναι ΝΑΙ, η μεταθανάτια γονιμοποίηση θα πρέπει να επιτρέπεται', NULL, '(α) κάθε φορά που το επιθυμεί ο επιζών σύντροφος, -,-\n(β) μόνον αν ο θανών είχε συναινέσει στη μεταθανάτια γονιμοποίηση-,-\n(γ) άλλο', 1, 0),
(26, 7, 1, '1.3. Ως ποιο χρονικό σημείο μετά τον θάνατο θα πρέπει να επιτρέπεται η γονιμοποίηση;', NULL, '(α) οποτεδήποτε επιθυμεί ο επιζών-,-\r\n(β) το πολύ μέσα σε 2 χρόνια από τον θάνατο-,-\r\n(γ) άλλο', 1, 0),
(27, 8, 1, '2.1.Θεωρείτε ότι θα πρέπει να επιτρέπεται η παρένθετη μητρότητα;', NULL, 'ΝΑΙ-,-\r\nΟΧΙ', 0, 0),
(28, 8, 1, '2.2. Αν η απάντηση είναι ΝΑΙ, θα πρέπει να επιτρέπεται', NULL, '(α) κάθε φορά που το επιθυμεί το ζεύγος, χωρίς προϋποθέσεις-,-\n(β) εφόσον το ζεύγος αδυνατεί για ιατρικούς λόγους να αποκτήσει παιδί με άλλο τρόπο-,-\n(γ) υπό την προϋπόθεση ότι ο μελλοντικός πατέρας προσφέρει δικό του σπέρμα-,-\n(δ) υπό την προϋπόθεση ότι μελλοντικοί γονείς προσφέρουν δικό τους γεννητικό υλικό (σπέρμα  / ωάριο)-,-\n(ε) άλλο', 1, 0),
(29, 8, 1, '2.3. Θεωρείτε ότι θα πρέπει να χορηγείται αμοιβή στην παρένθετη μητέρα;', NULL, 'ΝΑΙ-,-\r\nΟΧΙ', 0, 0),
(30, 8, 1, '2.4. Θεωρείτε ότι θα πρέπει να χορηγείται αποζημίωση στην παρένθετη μητέρα για την απώλεια ωρών εργασίας, έξοδα διατροφής κλπ.', NULL, 'ΝΑΙ-,-\r\nΟΧΙ', 0, 0),
(31, 8, 2, '2.5. Αν ΝΑΙ, τι θα πρέπει να καλύπτει η αποζημίωση;', NULL, '(α) Ημερομίσθια που έχουν χαθεί λόγω της κύησης ή του τοκετού-,-\r\n(β) Επισκέψεις στον γιατρό -,-\r\n(γ) Επιβάρυνση του οργανισμού από την εγκυμοσύνη και τον τοκετό-,-\r\n(δ) Ανάγκη ειδικής διατροφής-,-\r\n(ε) Φαρμακευτική αγωγή-,-\r\n(στ) Άλλο. Προσδιορίστε:', 1, 0),
(32, 8, 1, '2.6. Θεωρείτε ότι θα πρέπει να μπορεί η παρένθετη μητέρα να διακόπτει την εγκυμοσύνη, εφόσον το επιθυμεί, ακόμα και παρά την αντίθετη γνώμη του ζεύγους;', NULL, 'ΝΑΙ-,-\r\nΟΧΙ', 0, 0),
(33, 8, 1, '2.7. Θεωρείτε ότι θα πρέπει να μπορούν να τίθενται περιορισμοί στην παρένθετη μητέρα από τους μελλοντικούς γονείς του παιδιού (διατροφή, άσκηση, κάπνισμα κλπ);', NULL, 'ΝΑΙ-,-\r\nΟΧΙ', 0, 0),
(34, 8, 1, '2.8. Αν διαπιστωθεί ότι το έμβρυο πάσχει από σοβαρή ασθένεια, που δικαιολογεί διακοπή της κύησης, θεωρείτε ότι θα πρέπει να μπορεί το ζεύγος να υποχρεώνει την παρένθετη μητέρα σε διακοπή της εγκυμοσύνης, μολονότι εκείνη δεν το επιθυμεί;', NULL, 'ΝΑΙ-,-\r\nΟΧΙ', 0, 0),
(35, 8, 1, '2.9. Θα πρέπει να ενημερώνεται το παιδί σχετικά με τη γέννησή του από παρένθετη μητέρα;', NULL, 'ΝΑΙ-,-\r\nΟΧΙ', 0, 0),
(36, 9, 1, '3.1. Θεωρείτε ότι θα πρέπει να επιτρέπεται η αναπαραγωγική κλωνοποίηση, όταν το άτομο δεν μπορεί να αποκτήσει βιολογικά δικό του υγιές παιδί με άλλο τρόπο;', NULL, 'ΝΑΙ-,-\r\nΟΧΙ', 0, 0),
(37, 10, 1, '1.1. Θεωρείτε ότι θα πρέπει να μπορεί μια μοναχική γυναίκα να αποκτά παιδί με υποβοηθούμενη αναπαραγωγή;', NULL, 'ΝΑΙ-,-\r\nΟΧΙ', 0, 0),
(38, 10, 1, '1.2. Αν η απάντηση είναι ΝΑΙ,', NULL, '(α) σε κάθε περίπτωση που το επιθυμεί-,-\r\n(β) επειδή δεν μπορεί να συνάψει ερωτική σχέση με άνδρα-,-\r\n(γ) επειδή δεν μπορεί για ιατρικούς λόγους να αποκτήσει παιδί με φυσικό τρόπο-,-\r\n(δ) άλλο', 1, 0),
(39, 10, 1, '1.3. Θεωρείτε ότι θα πρέπει και μια μοναχική γυναίκα να μπορεί να προσφύγει στη μέθοδο της παρένθετης μητρότητας με τους ίδιους όρους όπως και ένα ζευγάρι;', NULL, 'ΝΑΙ-,-\r\nΟΧΙ', 0, 0),
(40, 11, 1, '2.1. Θεωρείτε ότι θα πρέπει να μπορεί ένας μοναχικός άνδρας να αποκτά παιδί με προσφυγή σε παρένθετη μητρότητα;', NULL, 'ΝΑΙ-,-\r\nΟΧΙ', 0, 0),
(41, 11, 1, '2.2. Αν η απάντηση είναι ΝΑΙ,', NULL, '(α) σε κάθε περίπτωση που το επιθυμεί-,-\r\n(β) επειδή δεν μπορεί να συνάψει ερωτική σχέση με γυναίκα-,-\r\n(γ) επειδή δεν μπορεί για ιατρικούς λόγους να αποκτήσει παιδί με φυσικό τρόπο-,-\r\n(δ) άλλο', 1, 0),
(42, 11, 1, '2.3. Αν η απάντηση είναι ΝΑΙ, θα θεωρούσατε αποδεκτή ακόμα και την πλήρη υποκατάσταση;', NULL, 'ΝΑΙ-,-\r\nΟΧΙ', 0, 0),
(43, 12, 1, '3.1. Θεωρείτε ότι θα πρέπει να μπορεί ένα ομόφυλο ζευγάρι να αποκτά παιδί με υποβοηθούμενη αναπαραγωγή;', NULL, 'ΝΑΙ-,-\r\nΟΧΙ', 0, 0),
(44, 12, 1, '3.2. Αν η απάντηση είναι ΝΑΙ, ισχύει', NULL, '(α) μόνο για ζευγάρια γυναικών, -,-\n(β) μόνο για ζευγάρια ανδρών-,-\n(γ) και για τα δύο', 0, 0),
(45, 13, 1, '4.1. Θεωρείτε ότι θα πρέπει να μπορεί ένα άτομο που έχει αλλάξει φύλο, να αποκτά παιδί με υποβοηθούμενη αναπαραγωγή;', NULL, 'ΝΑΙ-,-\r\nΟΧΙ', 0, 0),
(46, 14, 1, '1.1.Θεωρείτε ότι οι χώροι φύλαξης του γεννητικού υλικού πληρούν τις αναγκαίες προϋποθέσεις ασφάλειας;', NULL, 'ΝΑΙ-,-\r\nΟΧΙ-,-\r\nΔΕΝ ΓΝΩΡΙΖΩ', 0, 0),
(47, 14, 1, '1.2. Γίνονται με επάρκεια οι απαιτούμενοι έλεγχοι από κάποια  αρμόδια αρχή;', NULL, 'ΝΑΙ-,-\r\nΟΧΙ-,-\r\nΔΕΝ ΓΝΩΡΙΖΩ', 0, 0),
(48, 15, 1, '2.1. Ελέγχεται με επάρκεια στην πράξη η υγεία των δοτών γεννητικού υλικού;', NULL, 'ΝΑΙ-,-\r\nΟΧΙ-,-\r\nΔΕΝ ΓΝΩΡΙΖΩ', 0, 0),
(49, 15, 1, '2.2. Αν ΟΧΙ, που οφείλεται αυτό;', NULL, '(α) στην έλλειψη ενδιαφέροντος από τα ιατρικά κέντρα υποβοηθούμενης αναπαραγωγής-,-\r\n(β) στην μη σύσταση ειδικής αρχής για την πραγματοποίηση των ελέγχων-,-\r\n(γ) στο μειωμένο προσωπικό με το οποίο έχει στελεχωθεί η αρχή-,-\r\n(δ) στο υψηλό κόστος των σχετικών εξετάσεων-,-\r\n(ε) στην απροθυμία των δοτών -,-\r\n(στ) άλλο', 1, 0),
(50, 15, 1, '2.3.Πιστεύετε ότι θα πρέπει να υπάρχει ανώτατος αριθμός παιδιών που θα δημιουργούνται από το γεννητικό υλικό του ίδιου ανθρώπου;', NULL, 'ΝΑΙ-,-\r\nΟΧΙ', 0, 0),
(51, 15, 1, '2.4. Λειτουργεί στην πράξη μηχανισμός ελέγχου του αριθμού των παιδιών που γεννιούνται από τον ίδιο δότη;', NULL, 'ΝΑΙ-,-\r\nΟΧΙ-,-\r\nΔΕΝ ΓΝΩΡΙΖΩ', 0, 0),
(52, 15, 1, '2.5. Αν ΝΑΙ, σε επίπεδο', NULL, '(α) πόλης-,-\r\n(β) περιφέρειας-,-\r\n(γ) κράτους-,-\r\n(δ) άλλο', 1, 0),
(53, 16, 1, '1.1. Θεωρείτε ότι μπορεί να απαγορεύεται η γέννηση ενός παιδιού με υποβοηθούμενη αναπαραγωγή, με την αιτιολογία ότι το παιδί πρέπει:', NULL, '(α) να μεγαλώσει σε οικογένεια με δύο γονείς-,-\r\n(β) να μεγαλώσει με νέους γονείς-,-\r\n(γ) να μεγαλώσει σε «σωστό» οικογενειακό περιβάλλον ετερόφυλων ατόμων-,-\r\n(δ) άλλο', 1, 0),
(54, 17, 1, '2.1. Θεωρείτε ότι μπορεί να απαγορευτεί σε μια γυναίκα να αποκτήσει παιδί με υποβοηθούμενη αναπαραγωγή, με την αιτιολογία ότι θα πρέπει να μην εκτεθεί σε κίνδυνο η υγεία της;', NULL, 'ΝΑΙ-,-\r\nΟΧΙ', 0, 0),
(55, 18, 1, '3.1. Θεωρείτε ότι το γονιμοποιημένο ωάριο in vitro πρέπει να προστατεύεται από το δίκαιο:', NULL, '(α) όπως ακριβώς και ο άνθρωπος-,-\n(β) ως αυτοτελής φορέας δικαιωμάτων, αλλά διαφορετικός από τον άνθρωπο-,-\n(γ) ως πράγμα, που ενσωματώνει όμως στοιχεία της προσωπικότητας των δοτών-,-\n(δ) σαν ένα πράγμα, όπως όλα τα άλλα-,-\n(ε) άλλο', 1, 0),
(56, 19, 1, '4.1. Θεωρείτε ότι θα πρέπει να προστατεύεται η ανωνυμία των δοτών του γεννητικού υλικού;', NULL, 'ΝΑΙ-,-\r\nΟΧΙ', 0, 0),
(57, 19, 1, '4.2. Θεωρείτε ότι έχει δικαίωμα το παιδί να γνωρίζει τους δότες του γεννητικού υλικού;', NULL, 'ΝΑΙ-,-\r\nΟΧΙ', 0, 0),
(58, 20, 1, '5.1. Θεωρείτε ότι θα πρέπει να επιτρέπεται η πώληση / προσφορά προς πώληση / αγορά γεννητικού υλικού;', NULL, 'ΝΑΙ-,-\r\nΟΧΙ', 0, 0),
(59, 20, 1, '5.2.Στην πράξη, πιστεύετε ότι προσφέρονται χρήματα στους δότες σπέρματος και ωαρίων;', NULL, 'ΝΑΙ-,-\r\nΟΧΙ-,-\r\nΔΕΝ ΓΝΩΡΙΖΩ', 0, 0),
(60, 20, 1, '5.3. Θα πρέπει κατά τη γνώμη σας να χορηγείται αποζημίωση στους δότες του γεννητικού υλικού;', NULL, 'ΝΑΙ-,-\r\nΟΧΙ', 0, 0),
(61, 20, 2, '5.4. Αν η απάντηση είναι ΝΑΙ, τι θα έπρεπε να καλύπτει η αποζημίωση;', NULL, '(α) έξοδα μετακίνησης-,-\r\n(β) απώλεια ημερομισθίων-,-\r\n(γ) άλλο', 1, 0),
(62, 21, 1, '6.1. Θεωρείτε ότι ο γιατρός που μεσολαβεί μεταξύ του δότη γεννητικού υλικού και του λήπτη για τη χορήγηση αποζημίωσης, προκειμένου να διαφυλαχθεί η ανωνυμία του δότη, θα πρέπει να τιμωρείται για την πράξη αυτή;', NULL, 'ΝΑΙ-,-\r\nΟΧΙ', 0, 0),
(63, 22, 1, '7.1. Θεωρείτε ότι τηρείται το απόρρητο των ιατρικών φακέλων στα κέντρα υποβοηθούμενης αναπαραγωγής;', NULL, 'ΝΑΙ-,-\r\nΟΧΙ-,-\r\nΔΕΝ ΓΝΩΡΙΖΩ', 0, 0),
(64, 23, 1, '8.1. Πιστεύετε ότι μπορεί να γίνεται έρευνα στα γονιμοποιημένα ωάρια που περισσεύουν στο πλαίσιο υποβοηθούμενης αναπαραγωγής;', NULL, 'ΝΑΙ-,-\r\nΟΧΙ', 0, 0),
(65, 23, 1, '8.2. Μέχρι ποιου χρονικού σημείου μπορεί να γίνεται η έρευνα;', NULL, '(α) ως την 14η ημέρα μετά τη γονιμοποίηση-,-\n(β) οποτεδήποτε, ακόμα και μετά την 14η ημέρα', 0, 0),
(66, 23, 1, '8.3. Πιστεύετε ότι μπορεί το γεννητικό υλικό επί του οποίου έγινε έρευνα, να αξιοποιείται στη συνέχεια για αναπαραγωγικούς σκοπούς;', NULL, 'ΝΑΙ-,-\r\nΟΧΙ', 0, 0),
(67, 24, 1, '1.1.Θεωρείτε ότι θα πρέπει να καλύπτεται από τα ασφαλιστικά ταμεία η εφαρμογή των μεθόδων ΙΥΑ;', NULL, 'ΝΑΙ-,-\r\nΟΧΙ', 0, 0),
(68, 24, 1, '1.2.Αν η απάντηση είναι ΝΑΙ, θα πρέπει να καλύπτονται:', NULL, '(α) όλες οι αναγκαίες προσπάθειες και με όλες τις πιθανές τεχνικές-,-\n(β) όλες οι τυπικές μορφές υποβοηθούμενης αναπαραγωγής-,-\n(γ) μόνον ένας περιορισμένος αριθμός τυπικών μορφών υποβοηθούμενης αναπαραγωγής. Προσδιορίστε:', 1, 0),
(69, 24, 3, '1.3. Ξέρετε πόσο κοστίζει κατά μέσο όρο μια απλή προσπάθεια υποβοηθούμενης αναπαραγωγής (in vitro / χωρίς κρυοσυντήρηση);', NULL, NULL, 0, 0),
(70, 25, 1, '1.1. Θεωρείτε ότι θα πρέπει να απαγορεύεται και να τιμωρείται η ερωτική πράξη μεταξύ του τρίτου δότη/δότριας γεννητικού υλικού και του ενήλικου παιδιού που έχει γεννηθεί  με ετερόλογη γονιμοποίηση;', NULL, 'ΝΑΙ-,-\r\nΟΧΙ', 0, 0),
(71, 25, 1, '1.2. Θεωρείτε ότι θα πρέπει να απαγορεύεται και να τιμωρείται η ερωτική πράξη μεταξύ του ενήλικου παιδιού που έχει γεννηθεί με ετερόλογη γονιμοποίηση και του νόμιμου αλλά όχι βιολογικού του γονέα;', NULL, 'ΝΑΙ-,-\r\nΟΧΙ', 0, 0),
(72, 26, 1, '2.1. Θεωρείτε ότι θα πρέπει να απαγορεύεται και να τιμωρείται η ερωτική πράξη μεταξύ της παρένθετης μητέρας και του παιδιού που έχει γεννήσει (μετά την ενηλικίωσή του), σε περίπτωση πλήρους υποκατάστασης;', NULL, 'ΝΑΙ-,-\r\nΟΧΙ', 0, 0),
(73, 26, 1, '2.2.Θεωρείτε ότι θα πρέπει να απαγορεύεται και να τιμωρείται η ερωτική πράξη μεταξύ των νόμιμων γονέων του παιδιού και του ενήλικου παιδιού τους, που έχει γεννηθεί με γεννητικό υλικό τρίτων, μέσω παρένθετης μητέρας;', NULL, 'ΝΑΙ-,-\r\nΟΧΙ', 0, 0),
(74, 27, 1, '3.1. Θεωρείτε ότι θα πρέπει να απαγορεύεται και να τιμωρείται η ερωτική πράξη μεταξύ του ενήλικου παιδιού που έχει γεννηθεί σε ζευγάρι ομόφυλων γυναικών και της συντρόφου της μητέρας του;', NULL, 'ΝΑΙ-,-\r\nΟΧΙ', 0, 0),
(75, 28, 1, '1.1.Είναι συχνό φαινόμενο η μετακίνηση των πολιτών της χώρας σας σε άλλες χώρες για να εφαρμόσουν μεθόδους υποβοηθούμενης αναπαραγωγής που δεν επιτρέπονται στην χώρα;', NULL, 'ΝΑΙ-,-\r\nΟΧΙ', 0, 0),
(76, 28, 2, '1.2. Αν η απάντηση είναι ΝΑΙ, ποιες είναι οι πιο συνηθισμένες περιπτώσεις αναπαραγωγικού τουρισμού;', NULL, '(α) η πραγματοποίηση της ΙΥΑ με μειωμένο κόστος-,-\n(β) η υιοθέτηση μεθόδου που απαγορεύεται στην χώρα -,-\n(γ) η υιοθέτηση μεθόδου που επιτρέπεται γενικά, αλλά με αυστηρότερες προϋποθέσεις-,-\n(δ) άλλο', 1, 0),
(77, 28, 4, '1.3. Αν η απάντηση στο 1.2. είναι η (β), ποια είναι η μέθοδος που επιλέγεται συνήθως στην άλλη χώρα:', NULL, '(α)-,-\r\n(β)-,-\r\n(γ)', 0, 0),
(78, 28, 4, '1.4. Αν η απάντηση στο 1.2. είναι η (γ) η εφαρμογή ποιας μεθόδου υπόκειται σε αυστηρότερες προϋποθέσεις στη χώρα σας;', NULL, '(α)-,-\r\n(β)-,-\r\n(γ)', 0, 0),
(79, 28, 1, '1.5.Υποδεικνύουν οι γιατροί σε άτομα που επιθυμούν να χρησιμοποιήσουν μεθόδους υποβοηθούμενης αναπαραγωγής, να μεταβούν σε άλλη χώρα προκειμένου να υιοθετήσουν πράξεις οι οποίες είναι απαγορευμένες στην χώρα όπου ασκούν οι ίδιοι την ιατρική;', NULL, 'ΝΑΙ-,-\r\nΟΧΙ', 0, 0),
(80, 28, 1, '1.6. Αν η απάντηση είναι ΝΑΙ, υποδεικνύουν παράλληλα συγκεκριμένα ιατρικά κέντρα;', NULL, '(α) ΝΑΙ  ΠΑΝΤΑ-,-\r\n(β) ΚΑΤΑ ΚΑΝΟΝΑ ΝΑΙ-,-\r\n(γ) ΟΧΙ', 0, 0),
(81, 28, 1, '1.7. Αν η απάντηση είναι (α) ή (β) συναρτούν οικονομικά συμφέροντα με τα κέρδη που αποκομίζουν τα συγκεκριμένα ιατρικά κέντρα;', NULL, '(α) ΝΑΙ  ΠΑΝΤΑ-,-\r\n(β) ΚΑΤΑ ΚΑΝΟΝΑ ΝΑΙ-,-\r\n(γ) ΟΧΙ', 0, 0),
(82, 29, 1, '2.1.Είναι συχνό φαινόμενο να έρχονται στη χώρα σας άτομα για να εφαρμόσουν μεθόδους υποβοηθούμενης αναπαραγωγής που δεν επιτρέπονται στην χώρα καταγωγής ή διαμονής τους;', NULL, 'ΝΑΙ-,-\r\nΟΧΙ', 0, 0),
(83, 29, 2, '2.2. Αν η απάντηση είναι ΝΑΙ, ποιες είναι οι πιο συνηθισμένες περιπτώσεις αναπαραγωγικού τουρισμού;', NULL, '(α) η πραγματοποίηση της ΙΥΑ με μειωμένο κόστος-,-\n(β) η υιοθέτηση μεθόδου που απαγορεύεται στην χώρα καταγωγής ή διαμονής τους-,-\n(γ) η υιοθέτηση μεθόδου που επιτρέπεται γενικά, αλλά με αυστηρότερες προϋποθέσεις-,-\n(δ) άλλο', 1, 0),
(84, 29, 4, '2.3. Αν η απάντηση στο 2.2. είναι η (β), ποια είναι η μέθοδος που επιλέγεται συνήθως στην χώρα σας:', NULL, '(α)-,-\r\n(β)-,-\r\n(γ)', 0, 0),
(85, 29, 4, '2.4. Αν η απάντηση στο 2.2. είναι η (γ) η εφαρμογή ποιας μεθόδου υπόκειται σε λιγότερο αυστηρές προϋποθέσεις στη χώρα σας;', NULL, '(α)-,-\r\n(β)-,-\r\n(γ)', 0, 0),
(86, 29, 1, '2.5. Καταγράφονται οι περιπτώσεις ατόμων που έρχονται από άλλες χώρες για να υποβληθούν σε μεθόδους υποβοηθούμενης αναπαραγωγής οι οποίες απαγορεύονται στις χώρες καταγωγής ή διαμονής τους;', NULL, 'ΝΑΙ-,-\r\nΟΧΙ', 0, 0),
(87, 29, 3, '2.6. Αν ΝΑΙ, ποιος τηρεί τους σχετικούς καταλόγους;', NULL, NULL, 0, 0),
(88, 29, 1, '2.7. Θεωρείται ελεύθερη στη χώρα σας η εφαρμογή όλων των μεθόδων υποβοηθούμενης αναπαραγωγής σε άτομα που δεν διαμένουν μόνιμα σε αυτήν;', NULL, 'ΝΑΙ-,-\r\nΟΧΙ', 0, 0),
(89, 29, 1, '2.8. Αν ΟΧΙ, υπάρχουν κατά τη γνώμη σας στην πράξη μηχανισμοί ελέγχου για την τήρηση των περιορισμών;', NULL, 'ΝΑΙ-,-\r\nΟΧΙ', 0, 0),
(90, 29, 1, '2.9. Ενημερώνονται οι άνθρωποι που δεν διαμένουν νόμιμα στη χώρα σας για τα προβλήματα τα οποία μπορεί να αντιμετωπίσουν στη χώρα τους σε σχέση με το παιδί που πρόκειται να γεννηθεί;', NULL, 'ΝΑΙ-,-\r\nΟΧΙ', 0, 0),
(91, 29, 3, '2.10. Αν ΝΑΙ, ποιος κάνει την ενημέρωση;', NULL, NULL, 0, 0),
(92, 29, 1, '2.11. Έχει υποπέσει στην αντίληψή σας να διαφημίζουν ιατρικά κέντρα της χώρας σας, τις υπηρεσίες που προσφέρουν, σε άλλες χώρες, όπου η νομοθεσία είναι πιο αυστηρή;', NULL, '(α) ΝΑΙ ΠΟΛΛΕΣ ΦΟΡΕΣ-,-\n(β) ΝΑΙ, ΑΛΛΑ ΣΠΑΝΙΑ-,-\n(γ) ΟΧΙ', 0, 0),
(93, 29, 1, '2.12. Θεωρείτε ότι μπορεί ο αναπαραγωγικός τουρισμός στη χώρα σας να είναι οργανωμένος με συστηματικό τρόπο μεταξύ γιατρών / ιατρικών κέντρων του εξωτερικού και γιατρών / ιατρικών κέντρων της χώρας σας;', NULL, 'ΝΑΙ-,-\r\nΟΧΙ', 0, 0),
(94, 30, 4, '1.1. Η χώρα σας καταδικάστηκε το (α)________ από το ΕΔΔΑ, γιατί (β)_________________. Θεωρείτε ότι με τη νέα νομοθεσία που δημιουργήθηκε αντιμετωπίζετε επαρκώς το πρόβλημα, σύμφωνα με όσα έχει υποδείξει το Δικαστήριο;', NULL, '(α)-,-\r\n(β)', 0, 1),
(95, 31, 3, '2.1. Έχετε εντοπίσει άλλα προβλήματα – πέραν όσων αναφέρθηκαν πιο πάνω – σχετικά με το περιεχόμενο ή τον τρόπο εφαρμογής της νομοθεσίας για την υποβοηθούμενη αναπαραγωγή στη χώρα σας; Αν ΝΑΙ, ποια είναι αυτά:', NULL, NULL, 0, 0),
(96, 31, 3, '2.2.Θα είχατε να κάνετε κάποιες προτάσεις για την βελτίωση της εθνικής νομοθεσίας για την υποβοηθούμενη αναπαραγωγή, σε οποιοδήποτε επίπεδο;', NULL, NULL, 0, 0),
(97, 31, 3, '2.3. Θα είχατε να κάνετε κάποιες προτάσεις σχετικά με την ενοποίηση της ευρωπαϊκής νομοθεσίας για την υποβοηθούμενη αναπαραγωγή, προκειμένου να αντιμετωπιστούν τα προβλήματα που έχουν δημιουργηθεί στην πράξη;', NULL, NULL, 0, 0);

-- --------------------------------------------------------

--
-- Table structure for table `question_types`
--

CREATE TABLE IF NOT EXISTS `question_types` (
  `id` int(11) NOT NULL AUTO_INCREMENT,
  `codename` varchar(20) COLLATE utf8_unicode_ci NOT NULL,
  `description` varchar(100) COLLATE utf8_unicode_ci NOT NULL,
  PRIMARY KEY (`id`)
) ENGINE=InnoDB  DEFAULT CHARSET=utf8 COLLATE=utf8_unicode_ci AUTO_INCREMENT=5 ;

--
-- Dumping data for table `question_types`
--

INSERT INTO `question_types` (`id`, `codename`, `description`) VALUES
(1, 'radio', 'Multiple Choice (Single Answer)'),
(2, 'check', 'Multiple Choice (Multiple Answer)'),
(3, 'textarea', 'Input'),
(4, 'input', 'Multiple Input');

-- --------------------------------------------------------

--
-- Table structure for table `subcategories`
--

CREATE TABLE IF NOT EXISTS `subcategories` (
  `id` int(11) NOT NULL AUTO_INCREMENT,
  `cat_id` int(11) NOT NULL,
  `header` varchar(255) COLLATE utf8_unicode_ci DEFAULT NULL,
  `label` varchar(255) COLLATE utf8_unicode_ci DEFAULT NULL,
  PRIMARY KEY (`id`),
  KEY `cat_id` (`cat_id`)
) ENGINE=InnoDB  DEFAULT CHARSET=utf8 COLLATE=utf8_unicode_ci AUTO_INCREMENT=32 ;

--
-- Dumping data for table `subcategories`
--

INSERT INTO `subcategories` (`id`, `cat_id`, `header`, `label`) VALUES
(1, 1, NULL, '1. ΕΙΔΙΚΗ ΝΟΜΟΘΕΣΙΑ ΓΙΑ ΥΠΟΒΟΗΘΟΥΜΕΝΗ ΑΝΑΠΑΡΑΓΩΓΗ'),
(2, 2, NULL, '1. ΟΡΟΙ ΠΡΟΣΒΑΣΗΣ ΣΤΗΝ ΥΠΟΒΟΗΘΟΥΜΕΝΗ ΑΝΑΠΑΡΑΓΩΓΗ'),
(3, 2, NULL, '2. ΓΕΝΙΚΕΣ ΠΡΟΫΠΟΘΕΣΕΙΣ ΕΦΑΡΜΟΓΗΣ ΜΕΘΟΔΩΝ IYA'),
(4, 2, NULL, '3. ΕΠΙΤΡΕΠΤΕΣ ΜΟΡΦΕΣ ΥΠΟΒΟΗΘΟΥΜΕΝΗΣ ΑΝΑΠΑΡΑΓΩΓΗΣ'),
(5, 2, NULL, '4. ΖΗΤΗΜΑΤΑ ΣΧΕΤΙΖΟΜΕΝΑ ΜΕ ΤΟ ΓΕΝΝΗΤΙΚΟ ΥΛΙΚΟ ΣΤΟ ΠΛΑΙΣΙΟ ΤΗΣ ΙΥΑ'),
(6, 2, NULL, '5. ΓΕΝΕΤΙΚΟΙ ΧΕΙΡΙΣΜΟΙ ΣΤΗΝ ΥΠΟΒΟΗΘΟΥΜΕΝΗ ΑΝΑΠΑΡΑΓΩΓΗ'),
(7, 3, NULL, '1. ΜΕΤΑΘΑΝΑΤΙΑ ΓΟΝΙΜΟΠΟΙΗΣΗ'),
(8, 3, NULL, '2. ΠΑΡΕΝΘΕΤΗ ΜΗΤΡΟΤΗΤΑ'),
(9, 3, NULL, '3. ΚΛΩΝΟΠΟΙΗΣΗ'),
(10, 4, NULL, '1. ΜΟΝΑΧΙΚΕΣ ΓΥΝΑΙΚΕΣ'),
(11, 4, NULL, '2. ΜΟΝΑΧΙΚΟΣ ΑΝΔΡΑΣ'),
(12, 4, NULL, '3. ΟΜΟΦΥΛΑ ΖΕΥΓΑΡΙΑ'),
(13, 4, NULL, '4. ΤΡΑΝΣΕΞΟΥΑΛ'),
(14, 5, NULL, '1. ΧΩΡΟΙ ΦΥΛΑΞΗΣ ΓΕΝΝΗΤΙΚΟΥ ΥΛΙΚΟΥ'),
(15, 5, NULL, '2. ΙΑΤΡΙΚΟΣ ΕΛΕΓΧΟΣ ΔΟΤΩΝ ΓΕΝΝΗΤΙΚΟΥ ΥΛΙΚΟΥ'),
(16, 6, NULL, '1. ΑΞΙΟΛΟΓΗΣΗ ΤΟΥ ΣΥΜΦΕΡΟΝΤΟΣ ΤΟΥ ΠΑΙΔΙΟΥ ΠΟΥ ΠΡΟΚΕΙΤΑΙ ΝΑ ΓΕΝΝΗΘΕΙ'),
(17, 6, NULL, '2. ΑΞΙΟΛΟΓΗΣΗ ΤΟΥ ΣΥΜΦΕΡΟΝΤΟΣ ΤΗΣ ΓΥΝΑΙΚΑΣ ΠΟΥ ΥΠΟΒΑΛΛΕΤΑΙ ΣΕ ΜΕΘΟΔΟΥΣ IYA'),
(18, 6, NULL, '3. ΝΟΜΙΚΗ ΦΥΣΗ ΤΟΥ ΓΕΝΝΗΤΙΚΟΥ ΥΛΙΚΟΥ'),
(19, 6, NULL, '4. ΑΠΟΚΑΛΥΨΗ ΤΑΥΤΟΤΗΤΑΣ ΔΟΤΩΝ ΓΕΝΝΗΤΙΚΟΥ ΥΛΙΚΟΥ'),
(20, 6, NULL, '5. ΠΩΛΗΣΗ ΚΑΙ ΑΓΟΡΑ ΓΕΝΝΗΤΙΚΟΥ ΥΛΙΚΟΥ'),
(21, 6, NULL, '6. ΜΕΣΟΛΑΒΗΣΗ ΓΙΑ ΠΡΟΣΦΟΡΑ ΓΕΝΝΗΤΙΚΟΥ ΥΛΙΚΟΥ'),
(22, 6, NULL, '7. ΕΠΕΜΒΑΣΗ ΣΕ ΣΤΟΙΧΕΙΑ ΙΑΤΡΙΚΟΥ ΦΑΚΕΛΟΥ'),
(23, 6, NULL, '8. ΕΡΕΥΝΑ ΕΠΙ ΤΟΥ ΓΕΝΝΗΤΙΚΟΥ ΥΛΙΚΟΥ'),
(24, 7, NULL, '1. ΤΟ ΚΟΣΤΟΣ ΤΗΣ ΙΥΑ &amp; Η ΚΑΛΥΨΗ ΑΠΟ ΤΑ ΑΣΦΑΛΙΣΤΙΚΑ ΤΑΜΕΙΑ'),
(25, 8, NULL, '1.ΣΧΕΣΕΙΣ ΣΥΓΓΕΝΕΙΑΣ ΣΤΟ ΠΛΑΙΣΙΟ ΕΤΕΡΟΛΟΓΗΣ ΕΞΩΣΩΜΑΤΙΚΗΣ ΓΟΝΙΜΟΠΟΙΗΣΗΣ Ή ΣΠΕΡΜΑΤΕΓΧΥΣΗΣ'),
(26, 8, NULL, '2. ΣΧΕΣΕΙΣ ΣΥΓΓΕΝΕΙΑΣ ΣΤΟ ΠΛΑΙΣΙΟ ΠΑΡΕΝΘΕΤΗΣ ΜΗΤΡΟΤΗΤΑΣ'),
(27, 8, NULL, '3. ΣΧΕΣΕΙΣ ΣΥΓΓΕΝΕΙΑΣ ΣΤΟ ΠΛΑΙΣΙΟ ΟΜΟΦΥΛΩΝ ΖΕΥΓΑΡΙΩΝ'),
(28, 9, NULL, '1. ΑΝΑΠΑΡΑΓΩΓΙΚΟΣ ΤΟΥΡΙΣΜΟΣ'),
(29, 9, NULL, '2. ΥΠΟΔΟΧΗ ΑΝΑΠΑΡΑΓΩΓΙΚΟΥ ΤΟΥΡΙΣΜΟΥ'),
(30, 10, NULL, '1. ΚΑΤΑΔΙΚΗ ΑΠΟ ΕΔΔΑ – μόνο στις χώρες όπου υπάρχει'),
(31, 10, NULL, '2. ΓΕΝΙΚΗ ΚΡΙΤΙΚΗ ΑΠΟΤΙΜΗΣΗ');

-- --------------------------------------------------------

--
-- Table structure for table `surveys`
--

CREATE TABLE IF NOT EXISTS `surveys` (
  `id` int(11) NOT NULL AUTO_INCREMENT,
  `title` varchar(255) COLLATE utf8_unicode_ci NOT NULL,
  `lang_id` int(11) NOT NULL,
  `alias` varchar(20) CHARACTER SET latin1 COLLATE latin1_general_ci DEFAULT NULL,
  `is_public` tinyint(1) NOT NULL DEFAULT '0',
  `is_active` tinyint(1) NOT NULL DEFAULT '0',
  `has_errors` tinyint(1) NOT NULL DEFAULT '1',
  PRIMARY KEY (`id`),
  UNIQUE KEY `title` (`title`)
) ENGINE=InnoDB  DEFAULT CHARSET=utf8 COLLATE=utf8_unicode_ci AUTO_INCREMENT=2 ;

--
-- Dumping data for table `surveys`
--

INSERT INTO `surveys` (`id`, `title`, `lang_id`, `alias`, `is_public`, `is_active`, `has_errors`) VALUES
(1, 'ΑΞΙΟΛΟΓΗΣΗ ΤΗΣ ΙΣΧΥΟΥΣΑΣ ΝΟΜΟΘΕΣΙΑΣ ΓΙΑ ΤΗΝ ΥΠΟΒΟΗΘΟΥΜΕΝΗ ΑΝΑΠΑΡΑΓΩΓΗ', 2, 'opinion', 1, 1, 0);

-- --------------------------------------------------------

--
-- Table structure for table `survey_answers`
--

CREATE TABLE IF NOT EXISTS `survey_answers` (
  `id` int(11) NOT NULL AUTO_INCREMENT,
  `user_id` int(11) NOT NULL,
  `question_id` int(11) NOT NULL,
  `answer` text COLLATE utf8_unicode_ci,
  `other` text COLLATE utf8_unicode_ci,
  `comment` text COLLATE utf8_unicode_ci,
  PRIMARY KEY (`id`),
  KEY `user_id` (`user_id`,`question_id`)
) ENGINE=InnoDB DEFAULT CHARSET=utf8 COLLATE=utf8_unicode_ci AUTO_INCREMENT=1 ;

-- --------------------------------------------------------

--
-- Table structure for table `survey_user_map`
--

CREATE TABLE IF NOT EXISTS `survey_user_map` (
  `survey_id` int(11) NOT NULL,
  `user_id` int(11) NOT NULL,
  `date_time` timestamp NOT NULL DEFAULT CURRENT_TIMESTAMP,
  PRIMARY KEY (`survey_id`,`user_id`),
  KEY `survey_id` (`survey_id`),
  KEY `user_id` (`user_id`)
) ENGINE=InnoDB DEFAULT CHARSET=utf8 COLLATE=utf8_unicode_ci;

-- --------------------------------------------------------

--
-- Table structure for table `users`
--

CREATE TABLE IF NOT EXISTS `users` (
  `id` int(11) NOT NULL AUTO_INCREMENT,
  `first_name` varchar(63) COLLATE utf8_unicode_ci NOT NULL,
  `last_name` varchar(63) COLLATE utf8_unicode_ci NOT NULL,
  `email` varchar(127) COLLATE utf8_unicode_ci NOT NULL,
  PRIMARY KEY (`id`),
  UNIQUE KEY `email` (`email`)
) ENGINE=InnoDB DEFAULT CHARSET=utf8 COLLATE=utf8_unicode_ci AUTO_INCREMENT=1 ;

--
-- Constraints for dumped tables
--

--
-- Constraints for table `categories`
--
ALTER TABLE `categories`
  ADD CONSTRAINT `FKEY_SURVEY_ID` FOREIGN KEY (`survey_id`) REFERENCES `surveys` (`id`) ON UPDATE CASCADE;

--
-- Constraints for table `questions`
--
ALTER TABLE `questions`
  ADD CONSTRAINT `FKEY_SUBCAT_ID` FOREIGN KEY (`subcat_id`) REFERENCES `subcategories` (`id`) ON DELETE CASCADE ON UPDATE CASCADE,
  ADD CONSTRAINT `FKEY_TYPE_ID` FOREIGN KEY (`type`) REFERENCES `question_types` (`id`) ON UPDATE CASCADE;

--
-- Constraints for table `subcategories`
--
ALTER TABLE `subcategories`
  ADD CONSTRAINT `FKEY_CAT_ID` FOREIGN KEY (`cat_id`) REFERENCES `categories` (`id`) ON DELETE CASCADE ON UPDATE CASCADE;

--
-- Constraints for table `survey_answers`
--
ALTER TABLE `survey_answers`
  ADD CONSTRAINT `FKEY_USER_ID` FOREIGN KEY (`user_id`) REFERENCES `users` (`id`) ON UPDATE CASCADE;

--
-- Constraints for table `survey_user_map`
--
ALTER TABLE `survey_user_map`
  ADD CONSTRAINT `FKEY_MAP_SURVEY_ID` FOREIGN KEY (`survey_id`) REFERENCES `surveys` (`id`) ON UPDATE CASCADE,
  ADD CONSTRAINT `FKEY_MAP_USER_ID` FOREIGN KEY (`user_id`) REFERENCES `users` (`id`) ON UPDATE CASCADE;

/*!40101 SET CHARACTER_SET_CLIENT=@OLD_CHARACTER_SET_CLIENT */;
/*!40101 SET CHARACTER_SET_RESULTS=@OLD_CHARACTER_SET_RESULTS */;
/*!40101 SET COLLATION_CONNECTION=@OLD_COLLATION_CONNECTION */;
